utility_payment_consistency,rent_payment_consistency,avg_payment_delay_days,failed_payment_frequency,avg_monthly_income,income_volatility,income_consistency,income_trend,transaction_success_rate,spending_volatility,recurring_payment_count,essential_spending_ratio,avg_monthly_transactions,mobile_recharge_regularity,digital_transaction_consistency,months_of_digital_activity,creditworthy
0.7957962893885334,0.4764883013430909,0.6741513864548951,0.8094942629171353,9580.62797847762,0.4176436160578966,0.9723595464334888,-0.5986917466064369,0.9128779966760678,0.7429984935385832,5.0,0.41774431342829743,29.839634157876738,0.7721496514191377,0.38841553927522526,10.78711219494366,0
0.7514379330856781,0.7231774821023343,13.488943950214942,0.3903272506014169,103885.30288291797,0.14808225589858234,0.932832869134057,0.12326555958890531,0.8437614241808854,0.1319385980388818,3.0,0.7604562303283654,38.420274360624184,0.9448303048901983,0.6587796980878143,60.0,1
0.7579549828791108,0.6928073148239454,4.643714865472549,0.39553876063928445,11260.493988225488,0.6751689134126826,0.876938695221408,0.012567918364829886,0.9259300106831359,0.9606943061198125,3.0,0.8430672645034363,109.30852451438504,0.9281903196331993,0.9260902272422887,31.6299492810791,1
0.6012566391295915,0.6820468556612228,5.386554779734102,3.4750251319819845,57505.80202800701,0.11096764477014906,0.5452103836941851,-0.12028035278690266,0.8954231842337426,0.028202212806277407,6.0,0.6210978304630345,69.41968234951696,0.626896744076467,0.7412017610607432,4.372437782837838,0
0.9602002890154153,0.5137134919004795,2.569097758271561,2.692897814892663,43483.00054223171,0.18188392410144158,0.7901199558732418,-0.17906513840522378,0.779471274547729,0.8837504662919897,4.0,0.9025567765665528,6.971682106141658,0.479993248440851,0.8619030354152436,5.918798546460872,0
0.5709579665930622,0.9335300609079574,11.983429077751232,1.2095775797859525,20555.908495103897,0.13953174170429286,0.9239487035633596,0.09721604683505677,0.7660300753422987,0.16820304957361049,1.0,0.3469578192031721,22.6205159419236,0.7644277591559592,0.8998939777023911,1.5690916591377773,1
0.8607410143940987,0.6789832442402502,5.079595339268406,1.4361019661702286,35272.19063855955,0.8287538162900948,0.6457908754805745,0.009788869071308506,0.9192436849997399,0.34953659172012164,6.0,0.4321129361054754,27.095065656353302,0.7868929683446861,0.7469282758075495,20.387783478390567,0
0.6641156793587346,0.5965422502599608,7.330366024387256,0.9646098199428228,133300.8755310643,0.14925538992663126,0.7844201691781294,-0.05675061084502378,0.848949394669759,0.3307798774755734,5.0,0.7311500138896718,41.2087280631139,0.7934366817603131,0.624840901616108,6.85992846456118,0
0.7256660469967509,0.6444226601205097,2.2987813187187447,0.745548147220179,42705.03226876966,0.06647933872570186,0.9090945206617925,-0.41948785399574984,0.8984000825813041,0.2590924703661911,9.0,0.6660572310349339,31.668927986071733,0.9319430584261676,0.79509396586661,13.844777058381876,1
0.878709207150594,0.7181180997036966,16.09586444732828,3.7060952804849667,22435.477728581194,0.6754039311285671,0.955525689553276,-0.5472447271241997,0.8662392511307825,0.33300913653355413,6.0,0.5557373397824458,22.952730047198504,0.6152566962510947,0.7635021012308043,26.309364832483467,0
0.925811606062598,0.8383610511426611,8.586822202948003,0.20134780574475653,27749.947662333783,0.09298987147559623,0.9409580546247762,-0.01540659007822616,0.881708411176798,0.1680107262484347,3.0,0.81186296434035,21.92509829879932,0.6878425679417562,0.7813898146893079,32.54584859113995,1
0.548064565409993,0.8488729741421323,9.618978632550595,0.813079208988924,17150.405393892324,0.3519142502084718,0.6122228741059533,-0.060838441798612114,0.8123534796717061,0.7726333156832372,1.0,0.6821813405981688,12.092220480217877,0.8366555997748442,0.8630216864378069,7.0844850510343065,0
0.7726722237419349,0.8752317038545097,0.9448838730995657,0.6336771362338801,28312.963454710938,0.191004690985355,0.7144045838339383,0.021185255889268922,0.7038937973859778,0.1494451238695557,4.0,0.8613526915172992,16.342330477092283,0.9713142353518144,0.5783029414413172,4.874776915651807,1
0.7717819684851042,0.9662431162925239,1.5801553946727787,1.0341831658731655,50265.87290647108,0.06942550176012867,0.8554634146712318,0.05655128084419651,0.7988560857084648,0.610253311752202,3.0,0.5508612888699327,59.6468968244052,0.7496233559042065,0.8324728739699522,33.97337578987044,1
0.5210928882962691,0.8150054084329047,1.681747418563337,0.9177154647556569,8587.293193593641,0.34424211391879067,0.8996405046761262,-0.10900093675312714,0.9112533727728459,0.5861819543284572,7.0,0.46889242098878,15.898754177812963,0.9304793833162435,0.6769563890206995,8.641576810126443,1
0.8161061102831512,0.9378812181830833,1.5797851621531753,1.097487556977049,70083.40590889932,0.04143717541375099,0.5602611720333728,0.015037030472717788,0.6254939955987584,0.3510760526798292,4.0,0.806461774531444,18.885885343286258,0.9223085486313313,0.6507868533299396,31.06730306586123,1
0.564329179567133,0.6707508716931342,9.669202084691792,0.2260930224683309,84325.60267710469,0.09479878894024323,0.8508420651893943,-0.24141132324139777,0.9144602085707473,0.5264569351238999,3.0,0.5087677209918854,11.934202870313493,0.9412213040628418,0.8552289457532417,2.920325796149236,1
0.6955255418595557,0.7031853610582172,0.16202092786403208,1.0796726334625382,99387.26700633511,0.23955207687864105,0.8183233251246348,0.7095783236653134,0.7567333736773223,0.690815528529612,3.0,0.4730955450268676,43.331957210011076,0.8147164064994602,0.3195903907938514,43.72901219620691,1
0.7033277158030663,0.7198263514400774,0.39575713189288975,0.41643685643260664,47839.476056157226,0.049770446729644584,0.8902580970482066,-0.21989605925998748,0.8523422858811806,0.808844878459992,3.0,0.32642088333692965,64.85020344776413,0.7319725892656577,0.7186986457729251,11.879198721951607,0
0.7204205343786013,0.8322392420549801,1.6004400647300043,0.30562060713184586,55857.52309318584,0.05335408478097621,0.6157015708911167,-0.04839228378613622,0.8473386184420114,0.35358576642256373,11.0,0.6694685337956261,74.74504923088074,0.572769861356249,0.9159912597727462,3.3568254351437643,1
0.618516567941663,0.5705952233931275,1.1149239111524616,0.10054718894894303,37701.66515356901,0.1552787784573388,0.803270194094019,-0.18951551564555222,0.9437830036936984,0.3569889055643737,6.0,0.7289440687260266,25.21687448337658,0.7332640875757558,0.6732838758225009,13.785559989118319,1
0.8505770661072206,0.8587593126441506,1.3189138405797765,2.1573453218426035,25679.029638818876,0.18288306602344,0.7351804462013916,-0.19623261608196116,0.8947773926318897,0.28892536627556703,5.0,0.5385216916810336,31.651354528930806,0.591778080854719,0.7819249442392963,36.72618793202589,1
0.4987590569652909,0.6633664243156376,7.996031899007809,0.8364616506206803,140284.09120593447,0.2206623171648989,0.8182604140511348,0.10985662665517867,0.9753532835775539,0.31965539252559894,2.0,0.5430071216449164,33.78903530454127,0.5245868246772634,0.7596078849800858,8.877428798693503,0
0.7876278197268776,0.6947043124041582,4.140559071972652,1.4778330640473194,35953.69840528689,0.020939050991636017,0.9017059166454254,0.05910631604679519,0.7923828968542493,0.31111551504352436,3.0,0.5490450308565794,24.705111319533064,0.8442500345390641,0.9711116472595839,3.5296148288973197,1
0.6596127560792087,0.6237211790414464,0.028936879463638376,1.9506889016971605,14143.505465679036,0.4610127747598587,0.8096821207594683,-0.08378415615008408,0.9629442018153117,0.3501366837103922,9.0,0.9083504221239813,41.715329897127624,0.6180086556485644,0.9320123654963471,15.468019111483553,0
0.7400284924195182,0.6296305595720194,2.8046574653915113,1.7059517085956295,32569.42357945837,0.18079208503102748,0.8490926791595331,-0.013390396621724629,0.9182628354734516,0.6667965361874084,5.0,0.5782378233825041,73.11435150895845,0.6059239390659577,0.8953362657444722,32.37453688234031,1
0.7652306850575336,0.6758222533852584,2.6202714133359923,0.9537352079936499,136729.97977420597,0.03706278348223299,0.9503194979522889,-0.18792542039730822,0.776560947774199,0.2213825594373277,6.0,0.7196254803479348,66.4868717210351,0.6134345016606348,0.6848336394336116,2.3287128820729435,1
0.5997794779361405,0.7666279670984377,0.6048827882447572,0.7362858117705745,45241.21104763703,0.2147158741789341,0.786931980806142,0.2606902550904642,0.7747974842083085,0.26332505577976806,6.0,0.7669652289637852,29.447915146911456,0.7433004426137446,0.8207558698940484,1.0,1
0.7212828312656074,0.3389371968841408,5.637247390566545,0.7073109979586282,50380.654041244205,0.18181555038208866,0.9320519976205963,0.9220770970362855,0.9570493572066842,0.5307025463094406,5.0,0.6730584438127517,22.77778597800938,0.5173140659501152,0.5717829284486118,1.0429211771176916,0
0.7247142755349301,0.7365176327359005,6.054939905860646,1.5326802056208662,41535.273825076474,0.03550904758783688,0.9023793777929275,-0.24993651089328736,0.8967961400811967,0.23767461988169275,2.0,0.6806999088885015,14.781810810044163,0.9066287678466368,0.7985523313750944,4.715993997935681,1
0.6536940404098422,0.8819467181577312,6.3808042148519455,1.024184571990922,129472.08863578127,0.08167656258685871,0.348974592225524,0.25758528949384185,0.9796379704997739,0.2808194355782714,3.0,0.6037184228642469,9.815474032724586,0.7907381382457325,0.5685348288742508,1.0,1
0.6584309311037017,0.6270408995546922,6.518430654083177,2.8370274606153787,7623.729710168463,0.315410926503062,0.9082984374084861,0.11797958280828405,0.8013861822326479,0.2003036501100336,1.0,0.632987093280567,48.4831268549674,0.8586404778241554,0.6762014901106487,10.076276702077523,1
0.769370657555962,0.8932526809751472,0.0002641416384416606,3.1155903807170366,43056.330559253554,0.1385448614439139,0.6665972874726376,0.3674519032530359,0.9407536868488816,0.7170318874795548,3.0,0.6116315314512529,33.09671017821452,0.7993898804871694,0.6590821868713054,21.536981689960914,0
0.49924661902968537,0.8133712725789195,15.386968536684924,0.2805074406531989,25898.79542556985,1.0892320188561166,0.7962803018426605,0.3787171841984286,0.7072168115598011,0.37644850944830255,3.0,0.6546664931918781,33.311728447703224,0.7789940234096543,0.5537777147381976,22.310200232348834,0
0.3966597145697046,0.8943911214223055,8.41565819577594,0.21967946517097608,50289.58805877753,0.06227230474897176,0.7852902729671625,0.18216507888746425,0.8195705938141274,0.30027838065716006,5.0,0.3198514357511273,183.51560530109558,0.4136036307708383,0.5336809215828832,18.226045053187946,0
0.6713494572212239,0.5745055043098456,11.716082225797155,1.4930046670896053,56004.256776380535,0.24173027820716653,0.6250181488283503,0.0840717695539601,0.6555009553173945,0.4629544119052276,3.0,0.7995447800573401,100.59381404492662,0.6754240000925037,0.5587596621483535,6.3227024160316105,0
0.7280095396756684,0.7402977438991326,0.0788347142499752,0.5376413212679176,10804.189369953327,0.8412907455584362,0.8477479469292349,-0.0737800798593786,0.9121525687106142,0.1935512750260321,5.0,0.7413461349030909,34.129444034642766,0.6725813717927966,0.554729736982817,23.968264328011323,1
0.9509905103013654,0.4173568573196875,13.579816822723178,0.028117979375139504,9401.276064120417,0.402992010022093,0.8594898002468849,-0.20598414124345418,0.8920886464259201,0.2756974284250122,4.0,0.6003370364224303,38.32372875397474,0.9799050566530418,0.9110559131269048,15.465103363141084,1
0.7322851655276931,0.6226150292877909,8.298094094249576,3.2925165798837597,32018.272460398377,0.15486951951496686,0.6784987206564506,0.061261735619286106,0.891738723806287,0.4409848961779289,3.0,0.9373157224097146,15.234690515906902,0.5337612781346743,0.7174936600347234,35.54228453296578,0
0.5390540201753489,0.8731181079111592,9.076752090344172,0.3860217976218797,12878.151802436681,0.1628499407279478,0.7288603688154985,-0.4138355325670722,0.7513090826334833,0.3146400770016638,0.0,0.484536307820084,52.03503221325877,0.7704974708957046,0.8274528526195695,11.701768631115707,0
0.3919299060422733,0.4518235618726146,0.48964865514422745,3.973554113564214,16924.63924930205,0.3908453102216096,0.7154432801191414,-0.13754239604698748,0.7602023883559227,0.14442049157003825,2.0,0.521978815187666,38.87368555150448,0.6650425794900119,0.8386822299309861,3.5753508198116655,0
0.7116978489082427,0.7636231442478623,6.711923845927728,1.895767084532403,122308.16825360624,0.0880415997201769,0.8804804372819536,0.5427414497890275,0.9099013694393874,0.205170586451019,5.0,0.7730465709239178,17.85268883472963,0.902477165301527,0.8626971415588518,18.124330231382498,1
0.926335049171045,0.512310755380525,16.08397615928,2.1573512066153553,22397.70762316363,0.30639812951563244,0.9193135496534024,0.13940488843187648,0.8126503511058663,0.1361999210232902,3.0,0.6002070626988039,39.43711177952517,0.9878805097209079,0.8488363569414846,2.941955606621013,0
0.508671721699681,0.41823633435417756,5.674524989182576,0.3374581377260087,37180.723347849904,0.07193637835961572,0.9013188589591553,0.4570657675742199,0.989382883830367,0.36007970657175603,4.0,0.6789782921085528,68.68966317041534,0.7804994628383807,0.7278902791272768,59.41367582487431,1
0.6447284351945167,0.8562718301575505,4.2263825773637995,0.4002404412033372,45146.30049539936,0.08621764842925289,0.9245819867675731,0.6878575546633696,0.6740801545062842,0.5990496082131719,4.0,0.8217264545366347,140.80426787221919,0.8984540966833868,0.8317359767759903,21.869709055330787,1
0.738916560935646,0.7856486843252698,14.559684104208163,1.104920734320779,16637.542358704108,0.6777806305643499,0.8933070605341692,0.02918821763407313,0.7921840850291179,0.21956890436761428,2.0,0.6403336654379348,11.48553817704909,0.5564393101352912,0.49031069275980926,25.414328436501766,0
0.6276956838705985,0.4322432373026713,2.925385790276509,0.2832940902851907,49941.66789082489,0.21873715100592986,0.8047006764181198,0.18293033367745662,0.935132287514957,0.6646355956066705,4.0,0.6826992941154681,14.862692223340202,0.8783922539258998,0.7098412147999773,20.468713951607256,1
0.8549501657414503,0.484720012475926,4.572631026716765,0.5466971504342726,29695.71353895109,0.11326825762072813,0.30520837898333525,-0.020738357661102214,0.9850284273811072,0.49821216863209905,4.0,0.6762209997114306,30.88093424051951,0.7285133281844725,0.708547175758701,1.847746735362598,1
0.8088247269742654,0.7726941126215471,3.234547007105441,0.5817232496388125,45953.73943402443,0.2833571180685903,0.7407645125092741,-0.22504230419024254,0.8876877914079689,0.21925914756196285,0.0,0.7238880592852057,38.907771978708844,0.8997978597653767,0.5350936276139439,11.26888378867833,0
0.49641195779333475,0.8451704348273934,13.503850429849283,0.26086939276418175,100927.5778118406,0.02883723702834481,0.8903496142536288,-0.28118730373296186,0.8136096436102147,0.21078140500716852,1.0,0.6807810727275124,107.41983332753435,0.8293634586005325,0.6715762597534085,18.969729712826474,1
0.7579669876344522,0.5602340109596267,0.395674535892102,0.3444647548356997,64250.97483286037,0.10185978058746038,0.7076173292115048,0.43726014903859656,0.7621089013595428,0.3675186619203929,3.0,0.6651410638604404,78.24802224869606,0.5171127903496715,0.5450505423027057,4.689514536628368,1
0.8268006851508448,0.8357801124083619,3.4769454671014506,2.330663139629839,33311.18681417785,0.08569341886607057,0.5290865651194461,0.18345091219425924,0.9528128949455997,0.12289647532600251,3.0,0.465612092185357,7.755566460148711,0.523522179602103,0.8658297845916146,20.481832376342624,1
0.6770956224095878,0.7852822661164418,5.807000777644524,0.27443517594711336,13727.102817387266,0.8071803379760015,0.7723830265511771,0.8386412288324212,0.9740487043960022,1.0735146566475269,0.0,0.6433725324425194,24.63158333078893,0.9482045003628099,0.6486931935109129,30.854922871289265,1
0.5198931175616088,0.6883935464998312,7.848839828464314,0.04330522952115561,27296.347867603166,0.3293153776270066,0.8317944104132617,0.4888208051695564,0.6896821329730858,0.13919711691798525,2.0,0.4758405836756648,11.437364854443365,0.8804121426665431,0.5520548612277476,5.786766876209844,1
0.8866087926804624,0.8705011697600071,4.373568881373366,1.4887655894977598,87041.74842478443,0.12530486321322923,0.9012898941715455,-0.19248519581454718,0.8193390527712942,0.2539079863820615,5.0,0.4377979647134757,13.281637273700206,0.7550348053786157,0.6166054530924157,4.007660391929185,0
0.5338395953442137,0.5526460582167388,11.979961349966722,5.5934975058405625,6483.953347123824,0.5081890263409204,0.9191832792942451,0.4361368720907085,0.9863196759189403,0.6227019648349992,2.0,0.8319046618690016,49.827464755997795,0.8962123071875666,0.9706885749454234,38.64509302704602,0
0.6027072010026951,0.6787886499498588,14.23582405894265,0.6034363098914801,82893.76726482034,0.09939553897745942,0.8414709699757442,-0.02203021564090213,0.9487604997170608,0.18465546037837183,1.0,0.5806900347315146,36.52658243873334,0.6875760893327968,0.6652793782706227,1.0,0
0.7854993601217873,0.6294030734335525,0.33240455547980696,0.18946039067231318,38511.991283055424,0.10630780248610604,0.9435338448383286,0.5867438836516006,0.9188912612500423,0.6082653080374426,3.0,0.7992933337860838,105.83179181133353,0.6616870366527667,0.8606459703304155,5.316737638243913,1
0.8907092685328146,0.7199803670617948,2.5739217421121645,1.2673068493324071,10782.32628214374,0.4682941784030083,0.8086455290590795,-0.09453355089720811,0.7859746898156547,0.12691448465571337,3.0,0.4228715546800223,12.360599432051764,0.5820349674628794,0.7464979964668063,9.397914169297312,1
0.9081616337628275,0.6540482760027598,0.11869282551311909,3.552353726131029,45744.34247615784,0.10550700669283448,0.9241467429312772,-0.320970384097069,0.7810716048421915,0.1554324807287659,5.0,0.6259015722872521,32.533063921212516,0.5894483319365822,0.8768937676689441,20.07960857689063,1
0.6160869699678154,0.477325475785727,1.9980364238353923,2.2991443948999217,8357.49392227505,0.7525006666782403,0.6497129735045284,-0.21830203082456387,0.9204264360051546,0.41784092498851244,5.0,0.45356356773137796,22.67900431799394,0.8808075121849244,0.5676914817561147,60.0,0
0.8914463430902213,0.7651359522242048,3.8487181949046487,1.4613401200604232,34136.26887743172,0.05895395641873844,0.8392443498881004,-0.19786596096596545,0.6139345447119022,0.35191536682387625,5.0,0.44738321519714624,99.64245295741233,0.5746530500184156,0.7279621637442708,8.340036184941969,0
0.6837908089543394,0.9452332656754123,12.084087040814957,0.5676283813810877,35843.89854836937,0.14745409883838023,0.808601782894219,-0.23610070584746565,0.8708557926005234,0.3551217671794704,2.0,0.5265843213956131,17.66295121895387,0.8579454624663844,0.6825471700820227,53.49935145457722,0
0.707925673143736,0.7813090458749358,9.372043334361457,1.1709367480289259,42254.88497937232,0.07615802633059768,0.8368996240384783,-0.1290433102420427,0.8839614219983309,0.3708910128828917,4.0,0.7442765286061424,38.53016191490048,0.9359568923982438,0.7211090275680336,8.224710050354686,0
0.6453013821578876,0.7921897555208077,0.6819615581783676,0.14351936018466138,55992.67942391721,0.16557889628442166,0.666935351956372,0.44267674813009505,0.9190883340026422,0.2968482328982445,9.0,0.9232157568339976,12.504887716096443,0.8581423742290549,0.9731054842399985,21.405244995222745,1
0.8791772076748084,0.7527693848326819,0.48823159334007704,1.7042162287294271,14060.623488128353,0.424560440597736,0.87752369952074,0.8184176833064737,0.7585961739617815,0.46281164752680404,2.0,0.7750649127783733,91.23374127394075,0.7410683491326823,0.7075018550876723,3.253737464351883,1
0.38044819059090573,0.9125904879742702,4.449063676941362,1.9370001028707038,42577.331323942286,0.047877621733016275,0.9522459216277532,-0.4320758062214015,0.928896098591274,0.7057487621437466,2.0,0.8368202212095176,119.82272231254636,0.6353882953882601,0.49941778087357946,11.10495093259072,0
0.5986590205696427,0.9299947057253486,3.7976954637242355,5.029966706426129,44888.86502793914,0.031025377257101885,0.7700145836216641,0.6054052171332598,0.7798807285195327,0.3323847101034051,3.0,0.7944220970943311,20.326603451743125,0.6668433060844562,0.5588105404022211,36.90117765300799,0
0.8916913232451109,0.7261171501973251,1.5488044031406434,0.4524633124226284,115376.48252021767,0.061684529468995775,0.801000007650957,-0.09108148638977148,0.6638487317376482,0.7934720941482387,2.0,0.2750451501665234,18.68792755169301,0.7342672600954883,0.8461264576362293,6.9417758924783435,0
0.784771612779088,0.6962564591107148,11.48565420024942,0.027943295774963135,24291.39332551027,0.2657722427635595,0.899235917805958,0.2391530124808936,0.9437259873543,0.30932313684063584,4.0,0.7467161942214275,39.832227824613305,0.3204871576095699,0.8966264269846449,2.0008431643185918,1
0.9493936041328687,0.7682036584594557,13.11163892280829,1.1831940591739332,25528.17533912651,0.03610234809316224,0.865406450846832,-0.561658412229319,0.9074673872887771,0.4618572583611318,8.0,0.8075668420578055,18.681740362671256,0.7578850071089595,0.8174061555378583,13.313483920282376,1
0.8583373459082819,0.5268133699966094,2.5759376012673627,1.8403018850979151,35762.40838871945,0.04962181435801735,0.7930454803755889,0.3096140069379424,0.9283440210870912,0.2947580198855313,4.0,0.8655534836357875,73.88938080781314,0.4583273886699512,0.8202762893689315,10.421782612626119,1
0.6475644178510022,0.546236531056396,11.050146110160366,2.343884991828021,105491.71155926776,0.10751419513931042,0.6553595027467208,-0.7021249587264251,0.9893203426417307,0.4227474459127474,2.0,0.8684119575458519,45.57550622041418,0.7983822131447424,0.8808592983309376,4.693807077003896,0
0.8579377243901719,0.8714297883899985,2.422126775155586,0.3230215267282605,7719.583432485426,0.661288238244659,0.7999051826207851,0.22557402892406617,0.8797307236362407,0.061699298547181966,2.0,0.5932485690538827,80.39518367323345,0.7842412835598234,0.7716341504933234,42.48675922989205,0
0.8690341933565224,0.7785845096471798,6.674525161483274,0.4552149669498198,26533.40965491555,0.09936036070774926,0.5717262000608748,0.2029024188117346,0.9643550351611408,0.06184993074008814,3.0,0.5268991339786114,15.539385568468193,0.7728419022909637,0.7040611754174549,16.5692968792421,1
0.5290214802414378,0.5929359792238166,3.230766644425504,1.0779772789632445,46302.41325969665,0.15295206893579652,0.7116723237244528,0.17640305371818696,0.9398620341456512,0.9210102505894671,6.0,0.698734774567174,12.641446250381968,0.6836068352155944,0.6153208981113537,7.6759932315189,0
0.6511457822536105,0.691876501689396,0.6538654669148859,0.6020620502995052,45612.24188068043,0.23199706519621005,0.8841614452158855,-0.19396406025317178,0.9089588290561623,0.18076855718770457,4.0,0.794932219310261,42.7666122993732,0.669462573925469,0.9160288031762577,60.0,1
0.5883764744759382,0.4791347360001111,13.150878527922805,2.9546595333593575,26808.86331133288,0.5757944873765379,0.963711943338115,0.3198106697718575,0.9076655266796373,0.6561041520050973,3.0,0.6142285817322414,108.07146834424192,0.7448654231162276,0.41218743690194387,2.6639440279869184,0
0.9080403979367927,0.7138093604418513,3.026566149178444,0.9629972830306055,22621.282770785696,0.28812016683182146,0.9010175407788513,0.25643260376668686,0.8953463572347723,0.8740046261112557,2.0,0.7804506517628438,17.20095333391178,0.6781719718421936,0.5665704022242544,33.90400463119944,1
0.956318374061485,0.5378951622919125,6.630458135732158,2.4110000236379214,16166.21890182839,0.08739620130346042,0.6747236495910025,0.01601888654355213,0.9879322079027217,0.23166501758660185,1.0,0.8267050539586877,45.72953743464106,0.700582747089587,0.7689184923470623,4.719180574404808,1
0.9535437444155195,0.7518593064302574,2.2877974145165916,1.3034659165507558,44144.453416469616,0.06057997124306832,0.5904747218115626,0.3687401228700776,0.8109806731462312,0.5125306337530541,1.0,0.34356366811881695,20.8258677151846,0.7694040094829415,0.8475575184072937,4.928187329051938,1
0.5495346679529837,0.7032746044095061,0.09530699111048097,2.2248036600007914,51013.86478391529,0.2261087237106602,0.939886673460678,0.06175834137379788,0.9795095886417438,0.42337203629973985,4.0,0.587900738329356,69.48152550114743,0.9346952642088179,0.6947638297859549,12.410609680162933,1
0.7983691564575395,0.8762591761844057,0.5297498839564118,0.6067126172176279,198198.75541476315,0.05910720484489383,0.8172735642493109,0.31151086356350477,0.7366628786943911,0.48282469393726696,3.0,0.3165513771343227,17.833520423013884,0.6722934872181997,0.6727591459374687,19.521678803493874,1
0.9448830813391883,0.8723946345685436,3.42807290468021,2.670487239354012,55948.34801573506,0.03583645590686852,0.8325468026821884,0.04964826904236393,0.9237688409346855,0.33699435740770123,7.0,0.4627443443137852,40.1461698577823,0.8798788832013936,0.8776399876444192,21.108203304670536,1
0.6304796353037824,0.9004498795851577,5.855340055502804,0.4814908327063885,7943.720062779829,0.5563844349071769,0.8486706121773642,0.18668079644381624,0.7150955669150477,0.6303374678642263,8.0,0.6993316962448067,72.5626761058365,0.9425932564332571,0.7379249396161853,1.0,1
0.843275044756087,0.6437416205756517,2.0378515618268973,1.1848136151019681,10044.567570847754,0.3403265555289697,0.6380094642893278,0.32988917643010485,0.9226588499591467,0.4267854501319738,3.0,0.48643501362393676,12.922636949711713,0.7686216200373007,0.47956086407365095,6.085343777101447,1
0.5370792482408929,0.8342571054259827,5.945231458279951,0.36121130465012274,108397.36387832776,0.01608768465710462,0.803998256322015,-0.059165029447213996,0.7535969187893602,0.18161177195615283,5.0,0.675616615112595,50.48026374185373,0.8581228879465389,0.6318323021921591,19.450582803758852,1
0.7668327836692785,0.764602407825122,5.997175400798885,0.968040626947723,26829.91431301178,0.501280113622775,0.7948224368827256,-0.39353463450167814,0.9936081412290434,0.6928036979396885,5.0,0.32465146866616007,25.78269973421152,0.5720708940649964,0.41800923562360537,39.68760327177152,0
0.747948435107594,0.7513333909255723,6.085896593996464,0.5744738393737668,42049.884009638095,0.022750184204211373,0.9291304058742936,0.21043160221926183,0.574927738432291,0.3331637498174979,1.0,0.4208678687416059,59.92921313163221,0.5016823404601474,0.647072569484814,19.94997668361016,1
0.7171556609456584,0.5812044924408489,3.3915081555138507,0.4653075933714525,29030.573661336617,0.11971677087795485,0.761218747426655,0.5757565514451719,0.956108092807249,1.0773326585583893,3.0,0.4095371106570945,42.87454784175493,0.6762363034923818,0.664276628617288,5.563522204525294,0
0.8074626164270294,0.6836639546198936,12.318827541832121,5.116190732087566,33508.98234979043,0.08537635503746897,0.7713587457293222,0.2196603891829784,0.956441169751779,0.2806406448779257,4.0,0.485880540292606,24.72042635988365,0.6972595498339687,0.7291805413967882,12.75866598290139,1
0.6936605565081185,0.822123893558076,3.3588516902550563,0.26166241778099913,27566.650708312995,0.15274245974650633,0.7246439570076677,0.2272569258785491,0.6738577336291756,0.09826578767113955,4.0,0.5967864601555279,31.01186375212311,0.7843725005352296,0.7530352245876689,18.77258647798974,1
0.8269202468678515,0.9739217641161061,2.991596435154196,2.321991056791621,35473.2232999066,0.07449536475782355,0.9500835815232054,0.0831295574013438,0.7904709944107512,0.3582185089909953,1.0,0.6197606703775438,9.150393264030756,0.5717092349808214,0.6149386371771478,2.6175269196172,1
0.7822093173965847,0.7219435074254344,1.1118493722132163,6.218295060463943,36525.14671155821,0.1077744228872519,0.8520548181139522,0.3956474611092804,0.9249635010737465,0.3764953260774177,3.0,0.7300548451529586,60.88591613644499,0.8110186338091957,0.5375748936654872,14.170558909623749,0
0.3382469519769455,0.8794179767393611,1.83835509431483,0.030153278361240356,87172.8183962624,0.03197932610144849,0.7302896734646752,0.025625833544825075,0.618140744790384,0.7558376289821422,5.0,0.790732789087922,125.19470131548219,0.5911117416275792,0.7441585353098543,11.484486920789516,1
0.7241010434605898,0.779618138132719,0.2162835954902101,1.8011041423991894,32061.286921837484,0.06218852111828034,0.5809506579811174,-0.08155951245074472,0.6820111103577144,0.8480391256027473,2.0,0.8010713660158654,22.636272221802937,0.7539834798673863,0.6646219777406118,7.3880921159379165,1
0.8599112545626415,0.7966638427992332,5.019265306908135,0.4373580539511067,40300.76345751978,0.12725352690067654,0.6266932043387355,0.5421193011499463,0.5963133476876017,0.22009045416671166,3.0,0.4556974166160613,32.249757977270605,0.6393179631523993,0.5609451003075377,17.584871134382716,0
0.827247667159291,0.6245983071766356,1.4286581718142815,0.061995411021567415,140652.5333086338,0.030375512618478182,0.6673932709207133,-0.11221532731707287,0.8984976639663784,0.198490153173565,4.0,0.774210127380458,99.5532484964455,0.7615976803230134,0.4315075829195609,18.201524392462314,1
0.8438067295593595,0.6142258207437344,1.8131435516013774,0.7734798342312943,134522.0091676305,0.06889163819829042,0.7870968997206115,0.45578837858069965,0.924213796557619,0.42882610356308365,3.0,0.5635877910898994,9.430142258693925,0.8667601160671033,0.7783064045410414,60.0,1
0.8266101239301327,0.7269224698002174,7.366118270977675,4.1050868425764016,14806.372480775217,0.63568154227367,0.870212757860935,0.5423741847830835,0.9371912361166712,0.37629596735064597,4.0,0.8051823215401089,47.11340882737597,0.9708925896182594,0.45580269005996105,10.064699854340507,0
0.652188831266775,0.7539753786415226,1.9816932794925708,0.017752276134813075,102624.60325901846,0.03975424836005181,0.9113414528988298,0.3267267728248243,0.9067177186215009,0.1614352391595532,6.0,0.7492386543955682,106.86809048562546,0.7843348910534561,0.7704206400377092,13.639001413184427,1
0.8355971003171622,0.5751154616863016,1.3866517973713761,1.3296817820122115,16014.646448892941,0.6987718585652327,0.683948696641919,-0.39969420782905307,0.8186276991910999,0.48051351064484593,3.0,0.6361601506153545,21.308739111095232,0.7607473150124492,0.9110556774150236,3.084924244085463,0
0.6999772037787169,0.6323980850557412,0.9259749004192124,1.0439160679995467,35689.54768722621,0.09543780576256869,0.8518206763460918,0.11086196368899905,0.8938453694121344,0.3331152045219556,5.0,0.6749087023969856,22.66016439685774,0.8765812435919264,0.6507130641480044,14.307750995611666,1
0.8218593977787356,0.9693484961498022,7.455128755415215,3.099896539706154,115180.0860176359,0.15458311161540708,0.9759676771370897,0.019200001176553086,0.8763293389908894,0.29694290549035096,5.0,0.6834483309937119,83.92517981733256,0.723236696785268,0.8664457995875782,1.0,1
0.7778882543257616,0.9226388586894356,0.6946224491249249,0.13161117908574965,13804.927237244827,0.6252455871088297,0.6650945001785802,-0.09839970213412533,0.9831352374429415,0.8754181502077194,2.0,0.45000754569398277,15.42734506610279,0.7915075004368796,0.810359403704943,2.9227483767304996,1
0.8694653743327073,0.3559670490900651,3.0234270817476894,1.7163218006976129,14865.023953988513,0.30020317644632494,0.8618320895825097,0.15710063493857102,0.9256764500045263,0.40531440934671437,3.0,0.8552424494629896,60.54333744555888,0.5980426523568294,0.7622262395197661,3.380991848459862,0
0.6643595503837364,0.4642169723187219,3.53552181303225,1.7096657243464723,22286.250960679397,0.2674003820452907,0.6871161670493543,0.4076825389990193,0.7876083407829495,0.9924713809385604,4.0,0.817638683059697,43.071165207329294,0.7887905965666535,0.8266970565957193,18.025390494542936,0
0.7543340628652719,0.5321776639010768,5.813992962178942,1.6588180134238888,85156.75068655597,0.04565974143466776,0.7274656754711484,-0.08342106405247937,0.9770887998101869,0.3975815501477634,5.0,0.6390853093198521,73.31290702310129,0.7721918136906497,0.714459296630849,15.078568431403594,1
0.663304785667837,0.8085354563981734,5.015830804157443,4.279644175106238,68242.45925734813,0.04134313001647385,0.672295944788638,0.03144693029053024,0.8551004670282002,0.3397148591011237,3.0,0.6270893836581453,30.288027282213722,0.7868195966549232,0.6994891784434654,28.794069962815946,1
0.9277501302091156,0.6665278052231347,8.322657170238827,2.598150274325892,32484.46130963979,0.14753422660312665,0.620473119735711,0.003576426467204963,0.9748867294650906,0.14454685315816168,4.0,0.7305725090693206,97.03303460789022,0.6904588882482648,0.4910164935172414,11.23859887980144,0
0.9311923117131288,0.48547296026687237,0.2289184687836961,0.06431854791315704,123831.3811947811,0.09373677184796542,0.8565238628267754,0.5655484182177247,0.8586186426579026,0.2290937517670405,5.0,0.7924712958409263,25.29306682006494,0.5423441978517812,0.9026979551770058,11.593497948058076,1
0.568574344587114,0.584254586013704,1.7580157418929143,0.9553852154677871,46550.22240099522,0.06871468930027338,0.9400841546347085,-0.002840247124234613,0.8826699992126948,0.29500525388219156,8.0,0.5771193391554706,11.804938684373676,0.28343455635745773,0.5811510452164499,3.1717354354360414,1
0.49967712813780896,0.5950686803601186,1.643451802002478,0.7611297854723597,22467.67948883974,0.49045814777292546,0.6108414975227506,-0.3937622631046982,0.950148060423033,0.7402977845057243,2.0,0.7663908494002527,11.261186506791033,0.9244933372746138,0.8413599441097777,24.43532609474184,0
0.5555742695239623,0.8143744580388633,0.7892194058240426,0.5569156020837904,102654.0020223258,0.09523942558943171,0.585799210159713,-0.5293739355962056,0.9518442287998085,0.13869903392240235,1.0,0.74173435516798,15.422413525846089,0.6053356256331096,0.8962906448426602,1.0,0
0.30673237159354966,0.7003328775153825,1.7066679463520842,0.9004055525485327,16437.405372446632,0.3996592746310639,0.9080071495925727,0.24509182662638793,0.9691916950150288,0.7854467244634487,3.0,0.4114602178144857,53.1653290790222,0.80205558934077,0.8015221861137477,9.957518466469274,0
0.871983675681599,0.369889108928808,1.853618073947295,0.7272354006227149,15243.944793134677,0.516766040160381,0.6507944075556118,-0.2042726959543608,0.875800763669489,0.12159900473772221,5.0,0.5735872920251003,19.57480915098005,0.7676826172972964,0.48940657083142297,3.755796795497217,0
0.31201700845018593,0.7011128025682632,3.689514321246983,0.8493328275190748,7355.734707256425,0.7427570507275962,0.8897212526546261,0.3674898021089914,0.7712940762319468,0.6052710650329522,5.0,0.5010192100224443,32.6802992858678,0.6599041055175612,0.841036834135302,26.533379069609843,0
0.5359705726828938,0.7551626224368642,5.448824892854885,5.813671548641094,31777.485907685663,0.20265106611041783,0.8860315852458063,-0.43248799540285265,0.8850399505197485,0.2201668708056151,2.0,0.7673157617518607,35.289548134073335,0.9217140138163893,0.6416752034269244,20.14186763737901,0
0.7302465324991889,0.9879311319203814,2.3990620005784122,0.13921437170008227,27183.457779860044,0.27651768952676087,0.8644099640918267,-0.11556486664424312,0.8655240001654995,0.5679586431837926,5.0,0.7158563234997765,19.25352476237956,0.9924149702284705,0.8218184038031077,22.082284712609194,1
0.5905680476590286,0.8079182529068958,6.3553771621272945,3.8310160666456845,9607.576374899983,0.7876245346717382,0.8262024432748987,-0.4322275398080593,0.8178273958457017,0.3814178599341397,7.0,0.5732348739608374,36.94469968992589,0.6983368788693928,0.9076845804010478,2.8952505338131096,0
0.6705436003586598,0.6414368904981884,2.048610821986137,0.9815726838951639,25688.865875478285,0.0635256640674157,0.8382043219827902,0.27384428621956936,0.7504776772094836,0.362945045416511,5.0,0.9493345877970499,63.986419225089485,0.8299885220761958,0.776632808157487,19.891356305572863,1
0.3461361651028987,0.8548300166640703,1.714449671500494,1.4662212797451557,23585.52837841242,0.6559694576975627,0.6770186837733849,0.35953901624986007,0.8354046111195081,0.18183608262813353,3.0,0.3835017519077925,33.954660816122185,0.6561516487551519,0.5725555850050197,21.13326144123433,0
0.829923671535465,0.666137363494281,3.895574303121259,2.6595505436289195,38304.995319291076,0.06953219390216041,0.9600918444400126,0.2354500630546401,0.7585841104104029,0.6466685979062049,7.0,0.5614594762004909,62.9866081151908,0.8690451466101305,0.8896305230346987,1.0,1
0.6762433807531378,0.7480439951245756,0.12001060174226591,0.6705162712714334,95859.82360494879,0.03370308315004374,0.5764448817664692,-0.3343745281615371,0.8727025599044661,0.22076010961911574,2.0,0.7627976429914993,25.43131883666087,0.5540976144309708,0.9482248153649606,6.8785297517041455,1
0.6002725074415509,0.7877053773760255,0.41576210881567216,0.8442890727857244,54529.80862203688,0.061172205190552394,0.855975230551851,-0.19830549764426644,0.7744743505281486,0.15378863812411564,3.0,0.7064407765533998,39.88076454743268,0.8256911295719023,0.8009976577632294,1.644031625728387,1
0.9644093527378761,0.7593686762497696,2.7061625100627795,0.7902254097280859,14614.217654376765,0.7667317342709309,0.7761400647008199,0.19372559544462156,0.8159357713966611,0.8426831878536197,2.0,0.8206250284343485,35.445705866865474,0.7064755823630929,0.5394090464891376,20.588414017602624,0
0.5968443649288645,0.7439568789619487,14.315869017104198,0.7043600368244278,17946.179051695824,0.28780319356596823,0.5416342847279881,-0.5750965632497457,0.8265775463213884,0.7538526985396179,3.0,0.5334811277412971,70.22111669614941,0.913746088961009,0.9062708713337879,4.2911118806605595,0
0.953643459413969,0.425393262211751,6.391897589861414,3.896024715333268,53361.9180322324,0.15183301448116351,0.8675022628789871,0.003546022244838812,0.9556058362677385,0.6667700915283051,5.0,0.7600842524363416,44.57864807686853,0.7733987592172152,0.5475561357580944,5.533584668373232,1
0.53944704341194,0.5821299334094866,0.4612704044303475,2.6485227202204955,17502.98278306685,0.6175563594677606,0.9536601275569171,0.7067621413343526,0.8736859614702263,0.10092415365685359,2.0,0.28501221783306135,21.12788514915132,0.8330429486695521,0.820626304245982,1.4682066113056875,1
0.48670835374969135,0.763798822219676,9.364349148578787,0.1731162602012949,111619.4781896406,0.10507221236596347,0.9603732600855901,0.028017780327850073,0.7445419175165197,0.284401371214538,2.0,0.44430531482659763,46.59540428411323,0.8294360020657557,0.9958451253394979,11.90293027146103,0
0.8837660391628253,0.45127664136424067,6.589456035429882,0.1716411652426598,19481.03958524981,0.2719500788440047,0.819250838140697,-0.4954178556127806,0.8880764047315506,0.09323170122842986,2.0,0.817276976719576,16.955677046825812,0.7659204216821274,0.7081478264838125,1.0,0
0.583987365990651,0.2903511877360942,4.7201923937563315,0.8375822890973597,171562.42391887147,0.10713752081019942,0.8202335283339324,-0.14296369907045414,0.8491410701539384,0.3661436658161447,5.0,0.39897660212416025,43.93570171350062,0.7357499087806606,0.8321818852174603,33.626847742486376,0
0.8116414081413805,0.5799605558775557,8.582136564723575,0.15580473549184148,9176.573983383561,0.14572263814941172,0.6495212137285014,-0.15227693027103031,0.759548916137865,0.4855426489776848,5.0,0.3649988875246786,32.41379166533401,0.7066150371896769,0.4804526560793717,1.0,0
0.8713233678974095,0.8876687562047717,2.588494685986001,1.4478004173840735,28964.68886690865,0.11267490492860119,0.8468938166746063,0.9561235119346245,0.9726456658552455,0.6665644632892902,2.0,0.5457500554539788,36.78034805568412,0.6884293319422027,0.8874110263093363,1.1451830830244374,1
0.8577605028770214,0.6886859146217016,1.2519381877668943,0.23268704374834753,49762.50908151649,0.07777039347861202,0.7351147615890798,0.7662716322055583,0.8543967896439979,0.3370557675623849,7.0,0.32808600025515905,32.20010768825635,0.9307261639271608,0.9875467337346655,18.410065607782812,1
0.6284379839620208,0.5200461072997087,3.587439013895766,1.1083886077523328,63391.03172178721,0.08058852683950318,0.8801234077418233,0.3923741736406312,0.9745448006625402,0.20394751748322126,7.0,0.771932751815408,21.623322072228476,0.3632119514911053,0.7611740506696091,44.78605315834252,1
0.7601322772949104,0.901430915837192,3.979685632529736,0.010869205435914214,15014.80227570268,0.098979005923874,0.8593864054963705,-0.03723037229655929,0.7350773792018174,0.4080759274673008,3.0,0.7334427312116961,19.82699965373051,0.6524132190829003,0.7200608639099427,40.08143337150568,1
0.7783877583330863,0.43727422905529784,3.8644853523179963,0.5710043940752164,36255.60007853723,0.18466211043851927,0.8788509390835142,0.5802518643918891,0.9750897041483115,0.19810312211438147,6.0,0.6903081410142459,70.55726484583123,0.7656152459666229,0.6656020779486952,1.5720412209320778,1
0.3371276707155157,0.8390479286008838,4.1628944893482265,1.6960404088885304,49822.59994935933,0.07981691537059243,0.8953373224696827,-0.3533838556201835,0.9651999145911742,0.728600513388747,4.0,0.9113606225975667,123.65874286854164,0.8473666484279756,0.5749544562124237,6.125489685208882,0
0.7414284702112457,0.6946994228593202,14.850802017551125,0.9925859728591329,9450.735665114094,0.745397745264739,0.6801498650857583,0.5306301260977037,0.8508842765058003,0.4642572775853664,4.0,0.756830345182148,40.02725650909789,0.7035754803367994,0.9411608122184705,13.250369339359299,0
0.8605380031959957,0.3995562398503618,11.626486523049788,5.743556746518496,8978.397418621895,0.1383480356547798,0.6783802365248148,0.4711894149680176,0.846285847654513,0.44098177530031557,9.0,0.5510069472225113,33.86035775514712,0.8967698431802588,0.8277657868270203,1.0,0
0.8839357923009384,0.7400228446941364,10.425971749333051,3.108446234738584,34658.487075753445,0.035061376685150844,0.933872063209747,0.03946170614028771,0.8213644209615174,0.8137252387114087,7.0,0.9473781464008207,14.019520045947921,0.5923819851966431,0.47729758596100796,13.538496503943545,0
0.8451055258773464,0.6241542875759591,8.082735890132374,0.6672543718234176,34222.06673964439,0.3937294690889997,0.5798820376357469,0.5556745253403088,0.9370086376267636,0.4839764822644983,5.0,0.7966635348042014,9.664756271465928,0.8180821138149353,0.665816192478635,10.68808966412794,1
0.7518432075399782,0.6761296735321138,14.36121505955029,0.0698303037514642,36478.45532700207,0.2347239375133672,0.8608321472529129,-0.07888845178553996,0.9733245070036274,0.1425702319803344,3.0,0.7838466177398801,10.745601182775564,0.7791396972073436,0.9202866525509314,15.979139812195944,1
0.8605401987456005,0.7513110208807571,0.5184464628659138,2.8025684901495778,17355.348723857955,0.5235542255039622,0.7082236318501512,-0.4060342392392935,0.9515634707795073,0.22369566638823413,6.0,0.8430853538993998,48.01202735567031,0.8062216603330892,0.6486242499751063,45.53410419381871,1
0.6587121830756478,0.7271691959667064,1.5402624824011315,3.6326326215967057,39770.73358906694,0.2794893922361096,0.8105764695241994,0.4911860051999686,0.907396638382864,0.44746137766328165,4.0,0.46846156710090664,9.556310308350948,0.9078073079431859,0.8620729534510737,5.779055994687068,1
0.9412778144812646,0.8335285546461064,3.4165381965907256,2.5774350534898733,9693.33520890179,0.8777405303173942,0.9154632899527966,0.06590282834421632,0.8508961112021316,0.23244287692118432,1.0,0.3963721629726933,52.502465418352735,0.3798531037596631,0.5415797634693613,18.344606219738786,1
0.8619130919985593,0.6764246330793431,9.371397240539128,0.20536267427817492,51103.35554545272,0.10909144408939428,0.9496475077382086,0.3407122413194671,0.9445732693933551,0.5108033735663661,3.0,0.4217898716079882,15.361718940886577,0.986787920114442,0.777962363606977,10.112846651834188,1
0.6808863617407889,0.9608119906471375,3.517661716073397,9.259576338201708,19255.875918480106,0.44761904079350223,0.9517599323752235,0.8283546366237625,0.5261956356210213,0.6634508553404308,1.0,0.6424256461799123,37.03000773851972,0.9470424752977218,0.7921618408059814,10.280833280112628,1
0.691899498580204,0.6452854746742033,6.892320277518183,0.4487905597937317,17803.25252572511,0.20441746516081327,0.7936179016868583,-0.18890162895851872,0.6889248625510628,0.27877978952236665,2.0,0.8792478753537403,24.894319097729593,0.6487336777151121,0.6151535445902492,18.757014528402248,1
0.7428365789787669,0.8470920769100475,0.7480710399174813,1.9321456900797607,6756.144252172386,0.5942267508909055,0.8725184520985833,0.04264819806400988,0.9388320208748184,0.17087191965298687,5.0,0.6410198316042519,15.761210622993241,0.44422177204640007,0.21119532756789505,54.41082952650264,1
0.7831983410981689,0.8400527671028442,1.4545283999903302,3.579518796617661,88122.72739440932,0.10889408940844755,0.891229486788284,0.7278538018310856,0.8307487291336408,0.1223423024341472,9.0,0.6889947497571431,12.564550951795052,0.6996163019967164,0.9611974035020636,35.7840782633623,1
0.872321351317976,0.664889883245007,6.579665905008122,0.40316705615450277,12033.014070299456,0.4064086897114919,0.9796805752846205,0.36749269234211346,0.7283540517402227,0.5731227284041374,4.0,0.5197522875877301,9.912423928838049,0.9088496326777388,0.6258919998333541,18.365860552925405,0
0.9487357819864348,0.5653575799108024,0.9000252631400008,3.5831715530723667,58282.559946255,0.16267542157367332,0.8127907945842195,-0.17991309768183852,0.9221832270586943,0.29472255719426915,3.0,0.614791827327215,15.5267863052127,0.707908557212618,0.6760119040551574,11.142693296079374,1
0.6442668352404964,0.8873588548279195,2.1643557412379404,0.5554689435016611,17636.956087441937,0.3104768179895243,0.8220412574702637,-0.28200708141579145,0.7754639363847902,0.6216889861697714,4.0,0.5749216490863567,157.0794152273228,0.9351489128059371,0.4324570055842974,9.929410284339596,1
0.6668148792089259,0.8399233823722183,1.5385141708199983,5.620603491707396,27583.68765198452,0.5197442254257005,0.8908767221431584,-0.11123225604133827,0.6086236611489062,0.15745544641275017,5.0,0.38890823265171914,82.50340829648401,0.6435056113534343,0.7552645672705388,27.847571456854798,0
0.5886931503820583,0.6892218005707843,2.152850803036219,0.4953834425500204,48345.3487197677,0.15570410084014405,0.8369298008333971,-0.1953658819211513,0.8377699753737778,0.4696019821999803,4.0,0.7377950279063362,37.611305699008824,0.580867569547755,0.8967965443730306,4.4312900857093425,1
0.5903204199626304,0.6588855745296867,6.16055925033289,4.60038570770152,76462.63177143359,0.022688188640133226,0.8214019590108362,0.19493924779581234,0.8775636087241309,0.48627009889149175,6.0,0.48505265868920294,25.62375299899642,0.8010242655456122,0.42971124158698776,15.946612166841579,0
0.7712686944014903,0.7649428242395045,2.29312056037715,0.08254722628028853,49749.177659948444,0.1286395980527352,0.8418793292446219,0.13137380287903985,0.9251824500030971,0.08802181150271018,4.0,0.5036867061864616,21.96304800061478,0.5759150822253316,0.7369054112515815,12.655874218907579,1
0.6591680708240923,0.8224451332217456,4.0513645407923775,1.8530507954493447,117631.44458631132,0.16853255978260526,0.6295734185414772,0.21169510171014053,0.8789271630446401,0.33848592030419933,3.0,0.5458182562161504,35.75929027629707,0.672594709632567,0.8262471872781202,18.863583455201518,1
0.6614574998030279,0.6700354612384825,0.5264241318028319,1.1392867150913415,72225.28972950541,0.06150560842604094,0.8688194323511411,-0.23632512062391295,0.8773286918196568,0.43006690712703344,7.0,0.519066166083885,22.207456084054364,0.6179093192735801,0.5127055090007057,3.7357591141613824,0
0.6695045345034302,0.8263853454779826,8.17423229535785,0.9747783515735904,76964.95423218833,0.16240022867258327,0.7541950825940085,0.07166643698989796,0.8019717442195712,0.3288791602960932,5.0,0.7786702688786997,22.10297521113809,0.5702329658166436,0.9287417300475951,21.418727226944167,1
0.6321997229232356,0.7476616957737773,2.3092934526780686,0.37942697122239716,35839.54025226308,0.2102896136722244,0.6103508252563337,-0.7222799095824867,0.9318092033466344,0.5524890118656256,2.0,0.9001152769124318,46.557330399822156,0.7054338863453306,0.7625044460455735,17.751173536912702,1
0.5546529389784273,0.893981515938807,5.228213766014843,1.8342023867981057,73107.04296760209,0.12344394527067788,0.8854653474024718,0.15800252694454658,0.8490410642083099,0.6310922109335897,4.0,0.7711589885270006,16.33679120356372,0.6741606898069435,0.9200635878924369,3.5753247273055244,0
0.9575456535531385,0.8333479816992904,6.462009595734153,0.31758135476534366,114183.88414580369,0.1648666075573724,0.6015789329348207,0.5701762579823461,0.8555039632295932,0.2120521953533558,3.0,0.767646784625355,5.833774413015074,0.8357651187471806,0.9072125910019855,10.748689191987179,1
0.6243781501079966,0.9948188444180529,1.1764660654478938,1.2072642345201712,62642.49010174103,0.04115075194030941,0.6973991872008287,-0.46989836373847216,0.8605110253156187,0.5852801815565004,2.0,0.6019938474984867,21.988932289407607,0.7563722411323222,0.32904322384046075,20.432322862436695,1
0.7572521680071184,0.7953142367653862,10.800004595332753,0.43802791857641094,50391.662008970365,0.18514049682083628,0.9497852616745058,0.2933712922589845,0.8351418147545896,0.2531987139032348,6.0,0.8895218268169329,91.50382483760461,0.5705114061564,0.5429118929574192,41.737641561134694,0
0.7721269170525672,0.9657810516599625,4.7884844277096,4.672496178183366,18177.41612030438,0.5538890218086662,0.820652371201843,-0.14440574070422527,0.8390476721290153,0.5466960227953043,3.0,0.46812607545866314,10.593015836056477,0.5419361664394009,0.8051433793028093,2.343998943940931,0
0.7433045054569336,0.6562409949230937,2.799424110934922,0.04357359274798042,13566.931834898234,0.6074463288767402,0.8778596823212064,0.4210004614773478,0.8327259438058039,0.54955205986897,2.0,0.7193918937447172,13.917300923187739,0.8899898852667898,0.4828467161770872,1.0,0
0.9096624816477648,0.8987919586365257,1.006513931147411,0.33420593868181786,119679.03155791562,0.17334025407885623,0.9268946656839638,0.16345898048491153,0.867576190238443,0.7037093901440833,3.0,0.8663606243306711,21.208692631515042,0.5481376653748515,0.9760848981648926,3.249147449250671,1
0.6348294501753957,0.95507863113033,14.262571801935692,0.41622262241778135,31009.11500669927,0.515586194988671,0.9377960254719467,0.2618816450641763,0.8316554236185872,0.15889944563920694,5.0,0.2,10.820904491400167,0.9231716999241368,0.9309311656097826,60.0,1
0.5219529749634771,0.5572642284627408,7.033877457021011,0.8018268596025322,74223.89506388438,0.1180819664590501,0.7446458399072756,0.12592955950217619,0.8150353776305651,0.3389846352589746,5.0,0.54511413563491,94.86868590200292,0.6943961147234666,0.6811694009845688,26.32707216294106,0
0.7311380535503712,0.8147350940437952,1.1661245060036163,0.39737525090076603,19332.03905826278,0.5807433473538771,0.8429627161998474,0.6313327225537411,0.9108031870645111,0.23062069140097535,7.0,0.4885069066803019,35.46233347387536,0.7058148134349741,0.4271362950780927,17.151738734746743,0
0.5007150722377898,0.33104123627676496,2.060264611347535,1.013989999834445,86556.93943902051,0.1258609319844939,0.840401291882968,0.23896419107804096,0.7340167637328384,0.6751548672616074,3.0,0.7185909674919527,9.535694569622109,0.7177985607089256,0.593355575595869,2.569164731971596,0
0.5658309545410637,0.7843445235842132,8.295091218328505,3.089052817682008,45291.71002990498,0.1802026777578081,0.927298764279516,-0.18216948560098048,0.8970946482592848,0.6084067677276945,0.0,0.7469304282471192,30.27716907091438,0.739873855251211,0.7714856086600878,9.682790548415042,1
0.974346229949354,0.845248577071996,5.94833910472898,1.867522554484457,69214.2695100483,0.10584881988327735,0.7693562163539107,0.13948602092840146,0.8717372250579937,0.7174430587145213,3.0,0.8593018556981742,32.21904357878726,0.9509238778728228,0.7517571661934083,22.609882511859116,1
0.808971095578615,0.5611309574217381,7.257563811219575,1.301115073899286,11256.945216149516,0.23321587343094485,0.819058765647262,-0.047552417186419726,0.9045625561033966,0.26554146691918146,0.0,0.5455071406798149,27.96870738061622,0.8146785078141459,0.3874694167228134,40.720521150594166,1
0.5923734651459167,0.5913748654987474,2.9098281203268184,0.13982380527518268,55582.317005579935,0.23812158201591754,0.8944955540515259,0.16495996260783566,0.7518822978184264,0.19635591106969333,5.0,0.5858748676879061,29.49228175717033,0.7889616958631723,0.402496786025828,8.657655603806983,1
0.8842095518611868,0.7210565377373755,6.3022971483110135,1.7762165816771565,26072.09961735726,0.05659135041309336,0.802445293606001,-0.06790788494672509,0.8623072519258097,0.4506784929330011,4.0,0.6386856047496554,30.250684277274903,0.32371970255791116,0.7749579699656682,60.0,1
0.5514755026439897,0.8243613808614791,2.4428239160142597,0.27302811572933894,18811.696375705513,0.7430763349035916,0.717178501544863,-0.1707242942185259,0.6718843131596188,0.5941759009400178,5.0,0.3943563670320656,41.13589685266608,0.6435900825975178,0.747932036347462,2.7092959092593185,0
0.8413496045557047,0.5126056757792898,1.1866112086381,2.315246244159607,71688.33528573555,0.07326695887617646,0.7618240541295749,0.17970888509937835,0.6999396198932785,0.1336282820458593,7.0,0.5132051307993754,43.00781550378115,0.5003636129412337,0.8570682031358626,8.807144671732795,1
0.7166616634404209,0.6624339992082566,5.00756901928339,0.4316366299935658,21200.60536677563,0.7214091212323633,0.8296727507821542,0.12231585144662145,0.9918101340638674,0.21870299391859652,5.0,0.7698534186028878,11.612650047824983,0.6939259531006626,0.691957105863476,37.48727301309569,0
0.8351543935946855,0.5074018453877653,18.65140925158879,0.8094775172255637,9537.210754143545,0.8529073370801723,0.8364786325927438,0.525582338018339,0.9566390191795134,0.3955323361214221,9.0,0.7562817920001712,34.54021054146834,0.7069713090425895,0.663177429967995,18.89245867860926,0
0.8499095260991166,0.9521849374238961,1.8596751697246958,0.6472598490680423,70466.2226625354,0.12063004244918607,0.8874227109150007,-0.06598235165312519,0.810280157846399,0.4900814377699686,3.0,0.8287206154442512,37.59970101383163,0.5417430513488249,0.9293963853877096,29.98048305050892,1
0.7958070678721217,0.73800073383952,3.089916472371617,2.9365147569523256,36473.01321537806,0.19613952271409354,0.6963251100617698,-0.692341538998123,0.7209914822140356,0.36300110416555437,2.0,0.8702845024950043,21.602547709698342,0.918650098886884,0.6212253310141874,42.90814453689217,0
0.6385190001566511,0.6005960705800868,5.604310516800104,0.20294707187081162,38182.02505068304,0.27104713022067445,0.8006312158307302,-0.045548319385325164,0.7421649166699733,0.5647251129505197,3.0,0.730359153661091,109.3101440336261,0.9085439968530952,0.7606476849532726,12.741985563144743,0
0.5696225594634544,0.8613489298196824,3.8990434442309816,1.2508392541609563,15923.805568072074,0.5123715215912759,0.9167592083098659,-0.5505723035666309,0.620719152946983,0.587247615440937,7.0,0.7169314870998819,31.242871611653936,0.5070356371630772,0.4914845516462984,4.8158816048925726,0
0.7343153929292701,0.6779151747293706,9.27119003064378,0.2298344819250527,21619.00324033766,0.09431974115693822,0.9066256668404782,0.26626878963863043,0.8841810844394122,0.874061165861576,1.0,0.3155640352532538,47.123730646702946,0.720673687871123,0.5884808876012272,21.29783055947322,0
0.34842454507963816,0.9066200223658649,7.172020619933814,1.8301321216680413,91226.56310487825,0.24014028774661836,0.4814549692906211,-0.5695591713395151,0.7064001363324471,0.4035998421423165,8.0,0.34736179573817716,24.183982235640922,0.7791301545538002,0.6445368005969551,14.920566542194868,0
0.7124405489868172,0.5294443768222198,0.30032778612962174,3.5320516853592925,38604.36803502691,0.15873359994187355,0.8130076918732508,-0.2953484249656406,0.891815450932023,0.6537124347292107,4.0,0.7273357300232476,26.765008007516627,0.5014367771768751,0.8570760264702243,26.66269981504892,1
0.7285970993072155,0.7509122677696839,32.255558507343856,0.8553530563473049,158120.43359462483,0.16963437715224586,0.6719708579580483,-0.044933783309945186,0.7543303425924912,0.2698286763119305,1.0,0.7957133017519437,42.08905949189235,0.9607947435972028,0.76935395666861,12.90336257833451,0
0.7253571344863469,0.8186795351648927,6.979753241174019,1.0044162990148193,55282.867278759295,0.27558929026410134,0.6720933336890833,0.717580241904458,0.8096968948619094,0.5360281892741705,5.0,0.5533162482677388,12.563783480588382,0.421006276970265,0.8786650893449383,29.99875837308091,1
0.6939958019310778,0.8666169180968433,9.971948681102543,3.93465743810616,10728.210508758137,0.06008375449547915,0.7457019050393234,-0.32915604628596706,0.7574446936216958,0.3706459134174074,4.0,0.6401332800991202,55.78474908744896,0.7412912430195827,0.3747206478882516,41.81339056252531,0
0.7734441601952547,0.7885952401653086,5.2662501380457645,1.1040550559479474,5579.348079095068,0.29287518934437234,0.8027007296459736,0.10496199325863448,0.520508460532465,0.586074701508392,2.0,0.7704997089609086,13.987762784589737,0.7542014809847525,0.7462415983234081,24.923301428141517,1
0.499217728683041,0.6042406367959563,9.699619990943033,1.002969990991859,79910.25383111846,0.23618185942030212,0.9752487749286789,0.3319906307829036,0.8469442360037522,0.3723305997089732,7.0,0.3881173082002468,61.368212066889136,0.5499982073055504,0.9136772867609434,24.50217034548617,0
0.7416335068655664,0.7933339918360078,0.5960745354498701,1.295295200139953,62285.9877043533,0.09747400054185491,0.8253673955715335,0.6936242212882789,0.8529356621905595,0.1371726284566513,6.0,0.47112430733347677,27.44368732892121,0.8092310967273599,0.553274232950518,15.925792401197794,1
0.7092867520229441,0.5119857432191267,2.1365435258632717,1.7530520128641607,17299.922946648338,0.4898933286693974,0.7841937800809572,0.4111179006885639,0.9633424857389762,0.3610081335059592,3.0,0.623196424954653,140.1204304374454,0.5503796281089809,0.7373830931065534,11.48366191793462,0
0.8084843483197984,0.7281877106135524,10.454370974772704,0.1695571614393931,26545.327995927273,0.6860010608461978,0.5143083759659103,0.5375627806529861,0.7555838088167346,0.6765693531860364,6.0,0.5362460538394892,65.8925737742327,0.6292273485724417,0.3169112068801977,60.0,0
0.75848563603728,0.7178422138818181,1.1260735438220577,2.5814807059093416,27393.685189502718,0.09371919639478553,0.7315552997910512,0.44572282354061654,0.7551354279651089,0.22629785843971695,4.0,0.5644389019783652,66.1244853803045,0.7164548901498621,0.8403736850283507,18.64718156950119,0
0.7494863120137767,0.5239316166362981,0.4073633485522652,0.8577357021913232,39439.44350118605,0.16000853352337005,0.9205122307966448,-0.38364918855845564,0.5773171963787131,0.36041275270704354,9.0,0.6441825673311355,36.65108976141146,0.7490774359008785,0.761774473810169,33.026617595731835,1
0.6548088596104057,0.9524662705028217,7.758650996139938,0.11264874928618829,14719.042290691392,0.5193100496530171,0.6403945011414661,0.2438768417268187,0.9224217517768964,0.23935842168068133,4.0,0.7578292444898844,67.13474995303372,0.8829251587233653,0.5560643019704706,12.672435209297396,1
0.6944689566783886,0.41495638939282425,9.0238027604743,2.3139498342953915,9479.462417105151,0.8887137645854811,0.6812386895608212,0.43946438086888906,0.6382755591598744,0.5723787082183882,3.0,0.5020809931650165,56.37636414483243,0.7914022969466997,0.685819399649299,14.568509294453708,0
0.9535489799204389,0.8186284329113057,0.8875789243228648,0.7096926917242685,189087.39737012386,0.1870886987551789,0.5878996096356209,-0.282600115869608,0.6544208561177479,0.6174693941084131,1.0,0.44468362442385756,8.535626580307762,0.7805894138605851,0.7886352404084316,19.572175728909162,1
0.9736980555137579,0.9189378584086637,9.632606073253,0.15865339039462564,29866.305940102255,0.10689604582250431,0.6279753354066192,-0.13190395068960906,0.6899510956990528,0.23642598542066445,3.0,0.8035506980909879,18.00032763479887,0.6803494448684991,0.4009849293903155,23.47174880255468,1
0.8986274411406451,0.6799858212315558,5.804052481938317,1.5067776159745185,32022.245267392067,0.1762900181496622,0.7557848821332176,-0.22127691805082253,0.9497405882416159,0.35426133437991586,4.0,0.4518919466649081,17.266904271594235,0.836425184003372,0.5837824010683775,10.707334195746503,1
0.7543069833985184,0.7145529098207907,3.6707072330965325,3.182038121508451,53988.376165126996,0.1166372003938325,0.707167148265341,0.4090491943872133,0.9194268727684588,0.16015027633872636,4.0,0.7297434147104345,19.212624448236102,0.9004518976978205,0.6916133682034253,7.929822449480998,1
0.7045332467386298,0.7543777665765594,8.867148241111193,3.2805870256734746,52031.09953556241,0.14741373537129177,0.9540003165317632,0.0722875518683472,0.898191788155106,0.5025042078519437,2.0,0.8086842086106732,27.66570469223314,0.8847325389841902,0.4354062359124845,4.926129784556975,1
0.49524974334136435,0.8781539340486754,2.717168073631411,4.743157628731089,14190.929576049213,0.11342810441648883,0.4437182787754939,-0.02833835773403881,0.9802557633813554,0.23556875868294724,3.0,0.8336579310868432,47.5402595642019,0.6837432804125515,0.7652771698785162,9.918580002486634,0
0.8011464229089272,0.94465431553941,1.078320190107424,3.0340867151858104,39035.19776182129,0.03512923717828103,0.9173440261803321,-0.4126679666611951,0.8541359751351726,0.5756778755818186,3.0,0.6504517453131393,75.3677871321304,0.6324900948272215,0.7800721224470545,4.271229682199903,1
0.6219434060915303,0.5199744880882105,1.6763335540719624,0.0032148215843275894,7944.645924596623,0.4160216829854133,0.6015364724054547,0.07304229872248304,0.7740478211196937,0.9437918779405869,1.0,0.757924675648451,50.61106063744978,0.636320644504314,0.7386417395384259,9.704868035834188,0
0.45802675730588394,0.9845976469366189,3.5176446070476066,0.7176372820510688,29971.184261800656,0.11963635957553326,0.8863522601525644,-0.12703534199389963,0.9602798616181002,0.3177726731042039,4.0,0.46858555129690466,78.93407990567432,0.7309879255078887,0.6089743245026449,37.38097850829744,1
0.7405329905203086,0.8496740356770864,3.7892903712779358,2.5601013792456646,35578.33748482041,0.10988148139782254,0.7674301147176951,0.19733582610566494,0.6439257273151823,0.04593087601806296,1.0,0.5669630259925477,15.808923218657188,0.785680407029112,0.8408347258019948,60.0,1
0.9673278224103471,0.8350593306657574,8.188693812009186,0.6841582009212778,127723.4307083803,0.3071807569067237,0.732996157778625,-0.3571868794581804,0.8833257797307777,0.19294665454209944,8.0,0.5781992546693233,23.275396146265162,0.615060944328847,0.6336605686332645,15.491235498178048,1
0.49835271911400486,0.6738064924079558,7.835550628596863,1.380254265853406,10004.754730478991,0.41890313463904455,0.6519260832220378,0.17116250380248027,0.7703090021550455,0.20824879597854762,2.0,0.5203095443822334,27.598113319820136,0.5679385091390199,0.4387138536510725,2.840946935502435,0
0.766538161359746,0.7403425567511137,4.353797900756705,1.3983136925645594,144768.5200976227,0.15104307912147466,0.9586467358625097,-0.0755803081995283,0.9459546148536255,0.46523551886495296,5.0,0.560264680657265,20.755908588832526,0.6911773151639706,0.918000636071719,10.041113395709987,1
0.7625089988412321,0.8272616170295638,7.588522502893139,0.6812551946452041,88906.7821358781,0.11769908625436175,0.8933053320529707,-0.39971877029405867,0.9975898158306191,0.6228220736066683,1.0,0.6914094826809064,15.0923394191826,0.7994955705966459,0.7163403511229077,16.586919539290463,1
0.754335817829852,0.4522556516840562,1.0645644317969796,3.5225340839929027,12232.755054202626,0.25619745731811433,0.8376166689780153,-0.4309136151512587,0.9515825415445662,0.28299946562158684,4.0,0.300728941555495,43.515286912481756,0.8549338619764104,0.820917394875701,8.338701930662674,0
0.8315575703340327,0.7467851704785011,0.2568060997526933,1.049437208881212,43530.68159831037,0.1111415241597119,0.9056040191754462,-0.3708081552090777,0.8633770920638283,0.36788744944952634,4.0,0.7066994256885177,20.241895418299716,0.8153577133716902,0.8115993793716235,4.132973314185762,1
0.5759113194946054,0.8302471402608403,10.34285708605844,0.9376278900350872,26048.50188266936,0.17999066870771865,0.4048730330712745,0.017440377023783135,0.9520611263418088,0.17399967891488868,4.0,0.38786580323643416,58.25140754133833,0.9017119197020823,0.6375652943248489,4.630480596183822,0
0.6709062362051663,0.7322117753706432,0.39280586964917313,8.995466974439033,93251.24590556847,0.07731955127876675,0.9532725708430292,0.14839817374540015,0.9729426688093873,0.5430553691148332,3.0,0.7974563198913007,14.073617629988656,0.9142844946888397,0.6659139179351738,11.561739901100145,0
0.7774403463060703,0.9143317235506964,1.4163818242095796,1.02034751114172,54570.76987119902,0.07662896288866565,0.9635642558495869,0.2079294529508725,0.8566022790925324,0.17051880054231636,3.0,0.5248203299329792,60.61541251616258,0.7418415453404917,0.921363134438833,4.390077854617833,1
0.5770233497891692,0.34809045489271745,5.94244893005998,0.2947492390907055,39138.61235731871,0.05136057443476753,0.7902223817601431,0.22302116709137906,0.7829859045160091,0.501793063184075,5.0,0.4906405272386729,38.49046414684568,0.846757560971994,0.5656633998626053,5.166825551959585,0
0.5635221921799868,0.9681385669933146,2.633487403194855,1.0794505772130636,30997.51308758242,0.05791678715200776,0.6675518033621726,-0.20340930439168012,0.8179654920667377,0.11774065254949342,7.0,0.5860880510368919,38.49736366625653,0.5928656481048382,0.5979279511744816,37.1561628707309,1
0.7355701434572628,0.7120359457484892,10.450044698985826,2.52314787784592,20088.552040692448,0.9315453817490202,0.7152936359851056,0.5233611632380702,0.9804267301851953,0.46483378643515655,7.0,0.5234011744221899,39.279915334704405,0.7857388073269355,0.27211057159293667,27.17757988934589,0
0.6714422661736134,0.8727274081653551,1.7689654641907773,2.24993605021504,12929.848416147459,0.6805229865600274,0.972849917150192,-0.07689021040326122,0.5220404630393172,0.13479814051256506,5.0,0.39851088662962936,31.284614537321282,0.5027902025281551,0.7144886370521797,1.0242288940323347,0
0.7149202034551619,0.9333250846911328,0.05971186894962667,2.3308754272514234,34244.90773947229,0.15246886203830118,0.5994478815602748,0.2800599040238928,0.7979027127951085,0.01465547043457311,6.0,0.7644736937286645,31.669656051629467,0.41844414380161005,0.922542014444289,6.9466034112302975,1
0.8914976688657291,0.5661822536490425,1.7880600611130049,1.8466243981183448,46625.63363227077,0.14950883065597653,0.7752592083180903,0.03433782660247328,0.884602715844361,0.19147823051685886,2.0,0.6406323424536935,27.409523023924333,0.7939899496868801,0.8131045997125446,13.664594806033184,1
0.8193792859466061,0.6232343834855001,4.314639112160237,0.4399825762282129,33142.92128215278,0.272625464414641,0.4949018799721336,0.2502484926812166,0.930972725594571,1.0127315305042746,1.0,0.4837459170935272,40.82559146235993,0.7760904735591191,0.646990747269585,1.1254158410880193,0
0.663465848805122,0.6876963276928584,2.3575307906119,2.9716666458258443,28499.59812545446,0.21654339914404427,0.945691125864969,0.014268773542034499,0.7624136346810877,0.5676099312887617,5.0,0.34806360967808736,48.72477754881605,0.9320065058868985,0.7031525516854725,20.68909042852536,1
0.7572515539909722,0.6504839523003151,3.82722133649392,3.3586193897126493,5549.926478057672,0.5281995177623812,0.5237902967016833,0.25745395062982657,0.9616108170968729,0.7026746650189195,3.0,0.37780067253772803,24.12480128405262,0.8533627990801419,0.7218809940972052,8.73416195294856,0
0.5101160320044482,0.5656331375388599,10.461544615891249,0.32379150648352795,38848.33241998464,0.06402099137197184,0.9243160543424219,0.09704445204787057,0.799011612717872,0.19163990998779074,6.0,0.4731664866650909,87.51113013643645,0.841139777627792,0.6345609223676963,9.110414054613253,0
0.40894081601526355,0.7855292532410804,12.179728457044707,0.20967888704525295,10725.23321576062,0.49450037959505694,0.6361795502826454,0.4255362282602756,0.9498702667782472,0.44628434922494203,1.0,0.5316651394249242,25.627976966048998,0.4531525519249277,0.5878384519752059,5.549944963169509,0
0.7148826760092241,0.7941079278425255,1.5460545836657942,5.570063697179761,142561.53154396435,0.1358663747744103,0.8484125706270171,-0.22747401728447933,0.9416426800899536,0.22697192462297353,5.0,0.7426642816425666,20.254816575646093,0.8655476275767037,0.5958541709019278,7.314461967794891,1
0.7945298919647389,0.4341937583222217,3.100789278228816,3.041115964697889,64721.86625045801,0.12369077162829221,0.7987266393503507,-0.6079565343562314,0.9245581514876761,0.2673306673395126,3.0,0.5881283404030802,29.785757197856892,0.4253902051228172,0.6280293396081834,35.608625873151965,0
0.8717313535270071,0.5899466155352346,3.9830365736736524,3.3557038001512804,44414.2161753316,0.04740647732864222,0.6902631953201346,-0.28934296777363866,0.9104513153343862,0.5799223221133931,4.0,0.9160597313702704,19.374350180995265,0.9820107299321007,0.5593406833127126,27.972311046203863,1
0.8793761378133916,0.8596406105064783,14.890685589780464,3.262295868708018,11001.054626310448,0.33428513788384173,0.8528250110481491,0.5275673660952135,0.9834596445188133,0.5552963896706116,5.0,0.3731551833932104,45.8970198131646,0.6697005613362221,0.9007347352016012,49.41565938368765,1
0.8788043508054824,0.7487822020879429,32.918655148917026,1.1703038073399954,11333.916074980216,0.33262239384817055,0.8256746191114094,0.03817647204490417,0.8775488501242835,0.6202988593316512,3.0,0.5756446538915371,29.996478937312123,0.7570407593483145,0.8165827605335377,21.61145365300798,0
0.8577354064264148,0.5785297921539644,1.3420596916588172,1.5593907894238348,42901.38425570396,0.08796691669240726,0.6512135212581175,0.13682491821862494,0.9791414414937365,0.3297229841738004,3.0,0.2,55.342937991642664,0.9091391336642093,0.5313333546180098,15.524030361409295,1
0.6633604630334864,0.7356992241196619,6.491048775905945,1.1823834831031432,33172.741479318065,0.0410649465422512,0.8677161014193214,-0.32145464561855486,0.9710671954111734,1.042254387851108,3.0,0.4790246397915228,31.735345314294396,0.9732153266003504,0.25026611297581614,5.401810428936124,0
0.6122429358497128,0.5677950248219112,2.374325633858146,0.0788459138581821,32349.743331636822,0.19094972738300892,0.5546234932564755,0.1262214900601114,0.9763617827335207,0.49162068647232327,5.0,0.3874793654650543,31.014843648186172,0.7352115830581606,0.7727943162506172,19.785211385978947,0
0.6561995181415002,0.5510290274368624,0.04070623543757781,2.052699849387978,20674.745216465377,0.1391430965995401,0.6907309789018019,-0.3091250576290786,0.8886761013334457,0.33100504283612875,5.0,0.5958933842907217,24.88720116576058,0.6599554224751523,0.6345912667315978,42.59058666773033,1
0.6784419814092639,0.9312311152759533,0.04647796450554546,1.0558027738487672,56686.53870347333,0.18924241616283874,0.8542210036582161,-0.250312510021102,0.7872773206341717,0.1373437919171561,2.0,0.5891056346770923,59.07325006799248,0.5698486164886947,0.7395339603220346,1.2901299869595166,0
0.7615557181161648,0.8459398595071577,3.0861742564112276,1.5649469290009947,52418.95787876784,0.10439942866331098,0.9206179204174775,-0.06099347312955214,0.8790222491190259,0.38775530936135927,4.0,0.40915656080794166,27.930075924234938,0.8345748030850071,0.7512635251912237,10.535690442103519,1
0.4789674184281986,0.8868875951519132,3.3504249746930177,1.0476611653527186,24452.52437249575,0.16469639035524059,0.9094915125972051,0.2780389031368582,0.7912209144773377,0.21170506067198547,5.0,0.7576283910392085,39.85171824539189,0.914912656870985,0.7225532031731018,2.9118079760379225,1
0.8911411648478524,0.5799511857912842,0.11414145253519345,1.0153537314138394,31109.91147343601,0.16645086439449538,0.870045404533626,0.32073903225700406,0.8260762580649298,0.14233027980303664,11.0,0.6724163647266792,68.8731764241224,0.6772349715633568,0.7126697331510793,29.951660140441614,1
0.5764799908918402,0.7810674045456031,5.8066011001788596,0.2827311874931026,9411.981965999988,0.4205474951159095,0.9138722233726637,0.3316179591751348,0.5967884999596027,0.7193374497499587,4.0,0.767235115052965,31.139401587099194,0.8259624270644874,0.7043903652546374,17.139104218594653,0
0.6292787328315191,0.6219827853397505,1.7407242060498949,0.4900787311931206,33445.27681431241,0.24374407256369626,0.9787394285496809,-0.5352336460177497,0.8087476592645103,0.3059637362902228,0.0,0.8048299395349613,30.880401318763717,0.6400506261961717,0.6000359086340281,38.11221791663293,0
0.7404023155107218,0.6699891070926736,4.10368815261499,0.25948271420383817,87937.09640056729,0.062048380659270874,0.7878374212693645,0.09733419984389545,0.7814630187021174,0.5390705271620722,5.0,0.6039341437914315,28.184394850737196,0.6900351562184216,0.7258132953956656,1.17321942227633,1
0.713128238308816,0.6636356657254131,1.7899438414649225,0.3266115610835855,50698.301819555345,0.17418308227149423,0.8411258179877031,0.021287266646905584,0.8869176696861365,0.40573125520106934,4.0,0.6152765251357747,37.827415316891,0.8771640258228333,0.5334786951260176,42.50879059546752,1
0.8374038070792574,0.8164179464234352,0.9144144607817135,5.4166215022406545,86513.61586936195,0.07839817071809835,0.7678363071159114,-0.5128729664325823,0.9260998184224368,0.2983643355925151,1.0,0.43110473723385123,58.25698198915146,0.6539417999951186,0.6824677883538071,1.252095089516659,0
0.4680571784976578,0.6688444812426778,2.614269526861591,0.2492827974577792,45947.605244050035,0.13988176318322107,0.770945607119564,0.10639350668887938,0.8879549885360478,0.28927979952960825,9.0,0.7426722938138371,57.06016701225304,0.8348042742255622,0.8332668721403096,6.104229665016464,0
0.6482553056872921,0.5783035071188365,1.3216077646755227,0.4705677377492047,15495.35656144708,0.7380829904284457,0.8940718429985117,-0.0001708869747045344,0.6424353413783985,0.6392258166081689,0.0,0.7005981337869694,46.70663491291321,0.8017761246102961,0.6880149646971913,3.0563853574909055,0
0.9212613413823948,0.7282996967192203,3.826449791690222,1.3395560161161144,39725.3563982824,0.1571404166579814,0.9516376562357558,0.3046102688471549,0.9146783417408993,0.7082343353487143,7.0,0.5336614221321485,77.24116819034121,0.878083346305452,0.7053171560974816,2.8278896564878346,1
0.5399344408023439,0.6663751754835676,1.108401426342196,1.413099798760995,32567.787637469315,0.04724038360056642,0.8257616896080237,0.13249883049592098,0.8462413161420068,0.6601351767227084,2.0,0.8106842658656848,35.08820221351467,0.9453787985137103,0.9572468488461188,3.3901835419406923,1
0.6308949588379466,0.8261877325145405,3.550510294500086,0.25080801051665563,39662.340208642796,0.21361048977740674,0.76667163735505,-0.11972821211330126,0.9402037116308491,0.32471945200021335,5.0,0.6784100589627964,88.52152693577645,0.7301316241763626,0.6386333910888178,11.778219708825258,1
0.7345815525460384,0.5982633140195254,0.8561871557476011,2.3677624959765136,19005.668785815957,0.28140564081707237,0.6969061529807351,0.470304980182791,0.8148136760362279,0.9075985919603374,2.0,0.7151736864720618,69.05669235945928,0.9382795681828242,0.7686069536902352,27.614799680340887,0
0.7585959233913051,0.5166141725311331,5.558103301536516,2.307091901979037,39750.705456753276,0.1438875840063015,0.8007522164265278,-0.7884934003100498,0.8606844697484924,0.6426189354573736,3.0,0.815940249438307,20.95572344357966,0.8421095886502239,0.6152130136494878,41.1390819004624,0
0.6984019329167863,0.7095992498816521,7.0108522992495415,0.4063705839313174,11720.163853269409,0.6814706395435685,0.937794800296857,0.07429394862815594,0.8953626226932659,0.16195250635743022,4.0,0.726650285034777,57.465799450930945,0.8812349223584527,0.4796872044018477,15.061218376377056,0
0.8200799380125999,0.9634081531442183,0.5848843711151255,0.5109204361289286,9656.083629599376,0.09868469533563191,0.629005041662689,-0.6053003727967744,0.9652563758730038,0.8517380171220309,3.0,0.8823561980397967,9.028862942265249,0.6836812560773247,0.4351335570891438,3.090244421563493,0
0.746691928791484,0.6143129728258067,3.153702263248783,4.1706377920382725,43649.639545734906,0.20884740778181515,0.7407172362668333,-0.26487730848244795,0.9570889822644133,0.6292534082079457,4.0,0.510234573781765,76.82580410431625,0.9221646729592933,0.8818310247439091,1.4850412539199482,0
0.4957981536970268,0.7283639875517625,0.3675422245951779,2.620220278136036,16555.89747977905,0.10166048156635597,0.6764956687836055,0.30992548120373986,0.8900419286907651,0.2750222063266208,5.0,0.44245170243345966,31.50333781332753,0.9536060620508324,0.9282751948935751,12.26654653833023,1
0.5294369199026701,0.5771273663264104,4.558785690068042,1.794984617095896,39658.10674505045,0.09125702972601789,0.922850853789356,-0.4096789921763212,0.7188423187092454,0.6694717542671054,2.0,0.8168872937190043,19.22269145752597,0.918492966646379,0.6105232528151634,26.096203723406063,0
0.760863934726736,0.8095641634603103,1.5353731451138606,0.12871796185789497,48823.681384387724,0.25711323397856395,0.787120260231699,-0.46948712748157395,0.7037632396579598,0.48575388461211233,5.0,0.8100753782880586,9.74489919104083,0.9636879945017417,0.8785589457681804,17.42414288550701,1
0.6612349464798933,0.8967942952641469,3.7499048373062163,0.8126080222206309,43352.27436309466,0.09535980665721419,0.9374648442320068,1.0,0.8516151528283394,0.7058909749698926,8.0,0.6075519384742972,30.125515224839233,0.8145058814359596,0.7063197519801294,15.734617456598516,1
0.844056042906704,0.9014656012655734,3.643467759508888,1.2290927326577377,42655.840366151155,0.15719933655817783,0.8688020398848488,-0.4437156205680659,0.7072252199836427,0.2866119404021902,4.0,0.6400297422930991,77.53789048634768,0.7703885511592716,0.6064048873737216,1.0,1
0.6178013492216263,0.9272893993353909,12.908476458686152,0.31129528007762836,38352.7063866291,0.09256767222231756,0.8115656063185586,0.7602083612351893,0.9552539641103865,0.5581251744851332,5.0,0.8983422455336711,39.248571391493776,0.7655805424738991,0.8764378842032742,9.544598655876067,1
0.8494259927502235,0.8355131227470117,3.982362427421189,0.8919266877099556,20839.849656377166,0.18010181566354158,0.8336874408750264,0.0311191341682958,0.8818624970044985,0.3586385786883305,4.0,0.28987895052925355,25.096433817809547,0.5815829938960903,0.86340294773637,14.388499850276425,1
0.7666117392956887,0.7273420729443404,4.373327057152732,1.3782880800853263,62493.22428026172,0.27023337446352547,0.7259345321345452,-0.10993164857559012,0.762020893922646,0.13151133220182193,3.0,0.41255152954444607,28.991905606580215,0.9427366951262939,0.6835659296764106,16.41651702934354,0
0.9272242073932077,0.6979785876843954,2.567923179747418,0.5948547135363752,44169.65019164283,0.2000214808856486,0.48928804525656444,0.3267145562352819,0.8515964047518915,0.3004750221112122,5.0,0.4605003038604255,84.01196201219565,0.7078151561773599,0.6018281383587986,1.0,0
0.7196946347700148,0.7115035450509826,14.887458561849867,2.277647418962538,76986.54693015598,0.13287540509893628,0.7274971205503277,0.6346376302177996,0.693872976913329,0.3503691856672,5.0,0.6213088181483798,54.01102126807364,0.7953337127692889,0.36444588056739063,4.006573678234325,1
0.8283207400533512,0.7744817562853691,7.507087649195223,2.7530929561936643,30579.024830579583,0.13313973590796133,0.9261061703897131,-0.35842717684333136,0.8254104683055535,0.4659225968010005,3.0,0.6144408904874017,32.164521532430484,0.8802291820097103,0.7931125642667305,53.84630924183192,0
0.6580929764029245,0.6648045957876426,1.6801986829340803,0.5864769927155955,14771.267037322415,0.4626867643090289,0.652420481587059,-0.10409991589141218,0.8439721749038133,0.1789745008186281,3.0,0.7432028842722046,63.69809014598349,0.7522956523362305,0.7363117359921162,12.7905486095012,1
0.362479258802641,0.8716452943665337,9.296218368007683,2.736335554371264,29958.16871977272,0.19447294813731283,0.8482789651063994,0.43874789387370094,0.7912330833512754,0.14001002787617622,7.0,0.759611102207015,57.708631126861604,0.8378236268370924,0.9451388064900897,21.891379994080697,1
0.7005194947170179,0.5218116403307812,2.831659605380123,0.16401359274723254,11890.504585747949,0.16766199271116172,0.8911937614432389,0.21519772497080003,0.9091829735834602,0.07076746461797634,3.0,0.8561797323076609,17.772903449381154,0.5745191586668649,0.9098122832808827,6.6319056718801805,0
0.6054353008401214,0.5071063619053356,8.820735427344793,2.7277321644696633,36061.168864665044,0.18624861998808115,0.7187278631301031,0.540767132256553,0.7637011416366691,1.0040738688352961,6.0,0.8940491925214745,25.989115308509042,0.4746834982027469,0.9190617425713737,15.846723530090339,0
0.6490613894324588,0.8515525709388396,8.65486681877645,0.2486399669815791,17817.625007604183,0.5169607496819143,0.7659289797005188,0.30604478177271177,0.7718372279353057,0.2511008339574735,2.0,0.6483967649133469,89.4404398960386,0.7031171794166866,0.6385649033027081,7.934083218127937,0
0.39016223168011177,0.9189932249622467,1.0466358601601653,0.1298525531688495,51344.628778837236,0.04015495667045872,0.9004294315603357,0.8232896036596593,0.8341254765953474,0.5905288842833609,4.0,0.9199764257372118,53.16111964427374,0.3567513020201436,0.4769193040676661,6.3421181096447805,1
0.841380830226827,0.7667171437383701,6.038919141700845,1.5398926910910404,98693.18597414935,0.08075610190565856,0.7668135250692193,0.17143543953346013,0.9618070259058491,0.40713562354410904,3.0,0.8232015543153619,114.51860882386,0.7400705761324082,0.6352859000185661,9.540090221240801,1
0.9439164797600872,0.767788556582097,1.7169815490711118,0.9578105652717928,26633.895276744825,0.15826602510593932,0.8535710393561896,0.18872445933238474,0.9754468022646602,0.4330463447359837,2.0,0.734372035984434,50.369294509375486,0.7563456116597117,0.6347053166255278,11.08561572859574,1
0.9772864016779285,0.8867549209541726,1.7654972182726703,3.5771674236538544,153858.7812080107,0.14532687816362885,0.7449013891736456,0.2286885488063195,0.8620972757286653,0.28201161332167557,5.0,0.5825510543092515,20.146537734160486,0.8109609792216839,0.8975567609500461,7.2394614062938825,1
0.7427429537052594,0.7867347267033985,1.7573573624040386,0.6769240179872204,44232.39559345268,0.15528150223719658,0.879208858766791,0.0430044593093768,0.9814836018395405,0.39840403138918046,3.0,0.7561874743064859,32.63447529235262,0.6858814702633101,0.7976772270106036,5.371056609299862,1
0.64153768887897,0.7512009955748772,6.465263369677862,0.5077311518730447,51424.5978211736,0.26854527095485486,0.9168903112287294,0.4392348635203698,0.9343129418369078,0.2803881967622421,1.0,0.3348750127972571,57.4638025247312,0.8984299557204561,0.2564771762258538,17.598393510274093,1
0.8903256863496124,0.5106800243170522,1.3056943495023905,1.0419271111230408,50911.46995092115,0.033817698138209555,0.8980310271991967,0.19481648954521044,0.9473064707973171,0.36457379003964163,3.0,0.5987343421455386,32.91136648219125,0.49962775187154157,0.5882991292126329,8.62592243775241,1
0.7119338209814713,0.7913501618070325,0.00453122881381229,0.9130606706991011,118466.29638178134,0.154325658438392,0.481886369158852,0.4152720036580576,0.9359079241712736,0.40488583791565896,3.0,0.6757670018697691,34.550465216295166,0.5873955626035314,0.9206478697313758,4.057716573017835,1
0.8166827556206959,0.6598234910450643,6.2804875454533695,0.6333708187386444,38508.58446880818,0.2223355228378673,0.5266308172129512,0.4777999414496641,0.7840434083866443,0.7805507567410804,2.0,0.7418549905508385,137.62377068907097,0.6869520310564603,0.6992604129588244,25.56608693678796,1
0.6796131143617583,0.9480856055189563,0.9387900005574791,1.7749876576698065,10688.031777261107,0.7788993441118287,0.8847571404175576,0.27138187262413094,0.9236812756696918,1.087566886698317,5.0,0.6331913646173352,28.050522098637273,0.6742801681199614,0.7872549151424447,23.155533910455226,1
0.5839922017201816,0.5009590538213915,0.5517669930510644,2.1379384922471805,29857.6829157904,0.07875005600703026,0.8685687946034825,0.3006865296936787,0.8407807135543752,0.15330595026992294,1.0,0.6762299497037715,41.48584884934046,0.9711652270682484,0.7008498583501707,39.21730106306194,1
0.7258867314020924,0.5819188461881031,1.3558695624338117,2.875820465898933,30922.56536045473,0.22017309296106463,0.900914173157289,-0.3041319150386136,0.8862567298524189,0.4234304042180274,5.0,0.7817411024965046,39.737778533996156,0.49163770632381765,0.4202964653871196,14.575027271803458,0
0.8327717226495648,0.6135783451027093,2.3893768297338784,5.409932294418679,29415.859109767774,0.04824000289607098,0.8703800701359863,-0.12014143512792849,0.7311311184765616,0.5757471685939496,3.0,0.2775961682630655,62.75219551585601,0.514493005866161,0.7610482376233352,5.8990038907129305,0
0.7235608329503911,0.5029081521188541,3.2304242313670954,0.465210967425257,42708.55911207263,0.0856220757829403,0.8512398521660903,0.43735338119629263,0.9893988398656491,0.6145535260233707,3.0,0.7072503000104304,39.745130301599815,0.8817672671288393,0.5572436081367119,35.873159061885445,1
0.8077545578442522,0.8626859271999773,0.2279691033528055,1.8886653880563593,218297.6403193452,0.148547092162419,0.8400687852348392,0.6694524727274054,0.8923015455031792,0.19397680449919708,5.0,0.4857462961856996,36.256859185346656,0.8176040666410654,0.7350875674242887,5.920602794697713,1
0.8309127513645158,0.7585874446467186,17.629269811353943,0.7519522723704206,100633.77193122353,0.11263832999605247,0.7004289748590983,-0.6761720902033442,0.861845970561878,0.32947371664773817,2.0,0.5916559490374407,135.75423923695664,0.7090379662131818,0.7714499798831651,19.18715864267146,1
0.7525393575453199,0.41188580772358285,6.295015422768836,1.695535156647351,27829.728721096115,0.3145503586867797,0.6773155460592027,-0.12714525890056594,0.8649615817500477,0.42108855676130674,6.0,0.4937565394871801,30.825701082487175,0.6408747984069334,0.8482178598836158,3.8017148172361828,0
0.8511104523018544,0.7244496449962986,1.9518535099987544,0.9693429797848719,11300.65877057116,0.4282927114626608,0.8061374308550174,0.10944824096586003,0.9069461357922746,0.3000784449384511,4.0,0.6661069861944214,55.32593397112294,0.6420792676503894,0.6849053003762288,17.85643664373519,1
0.8050702949664216,0.5007110203254052,1.91874257751498,7.618315660245487,119000.14625370743,0.10379436846553924,0.7779026074029199,-0.25170978483227113,0.8584643881246319,0.4018278283367479,6.0,0.5590999784740226,13.451058447222373,0.650726537636819,0.8221815024806483,33.08315939535426,0
0.7222391896054333,0.8438283265012003,2.975952976691583,1.957913101122195,16405.001702879126,0.4601170887764753,0.6876199236893457,-0.22900785767267315,0.826751007977947,0.828079176610407,2.0,0.33275418821081604,33.166941114360476,0.5844351613568258,0.834884085480064,13.975330965678396,0
0.930781543295377,0.4462856521219303,4.920771511170693,4.570263653940245,38060.42602975455,0.03189754600788623,0.7644921830245078,0.2899679495175219,0.9137260918360247,0.7174191801906805,6.0,0.6467524455326165,30.957104589637524,0.6506872657221023,0.6668566843371695,11.457976062714073,1
0.44375580754412625,0.7985621729009148,0.7913051338077268,2.70243791026452,23264.735889642405,0.42583269184652955,0.8087441690804569,0.7325503876685734,0.9409499844160296,0.652542436495393,4.0,0.7071486713773186,31.48589811737718,0.756851323904829,0.9430947708033834,60.0,1
0.6020134558091872,0.6499480016063262,1.0470034289072014,3.4980364760520453,39081.27890452594,0.22032162550914025,0.9828869828680903,-0.7127294225288564,0.5760041109255394,0.5487477688122621,11.0,0.6578590287505399,9.929776881180498,0.9154161067709731,0.6569932355794065,1.0,1
0.8207558459463243,0.6180252259393577,9.810411479797093,2.5263973458725233,60512.107700268,0.13060630452083838,0.8451900757502212,0.03180954040732152,0.7730166267977135,0.32352381768619987,8.0,0.5496999836757696,25.838185357048616,0.7154959025580048,0.6748549396115677,7.255176493385028,1
0.9471066931349803,0.7094874442726661,1.4802847124963385,0.9219452768686391,23654.716538817378,0.7542948741604752,0.927799220119363,0.2853121367161552,0.8947333740264813,0.31652182632436815,4.0,0.6461618304300082,18.03021267049477,0.7815533736097499,0.6635768366639909,45.15047697014611,1
0.6750272435078399,0.9210032648764074,2.3917518163786635,0.4351042869172547,39287.62551181843,0.06764680198497025,0.8332371425034939,0.4120855888800967,0.8377504309600061,0.5377568396133597,3.0,0.6479347390206113,70.84660551393748,0.865845043492717,0.6801710869966092,18.522344086545466,1
0.741657473754914,0.4640132718060509,10.250262349795578,0.6938157056736032,11271.86150395314,0.6679158346666486,0.7595752602510767,0.2276509372276154,0.7642048527562807,0.44558322878679285,3.0,0.40435735643407605,18.073839651268845,0.8572626052441794,0.8576495460568134,14.059773164716821,0
0.5558227023395514,0.5764175143570204,5.440555538889899,0.030665685134806463,125603.5784616757,0.013837544395857066,0.7755917503694244,0.8045610199744461,0.5675220464217702,0.6597129310463065,4.0,0.3433442874095857,51.40285389267088,0.8454638726725512,0.586300586393944,18.274676328553642,0
0.840491854063735,0.8211656283431441,2.0905628507723812,1.1134846061818655,141274.00146442675,0.1801960555975472,0.7184302185018786,0.11156263733031763,0.9268836103337217,0.24816803572451956,2.0,0.4225156597657649,53.13204181019039,0.8849134215324426,0.9047685900147154,6.993381524254327,1
0.8430750756712021,0.7737796488093411,5.755313562273741,1.0549714371816514,32894.76070162497,0.4653318483406656,0.7690000997781172,0.624797116156839,0.8901038135725443,0.23931281666875032,3.0,0.5602709285837753,21.824333763511667,0.8053236276173806,0.8955619861878511,1.3288958032704705,1
0.8264236124698057,0.39434416308601417,0.09939754970308233,1.1174518625940622,17134.812790292337,0.9675596577867417,0.9016186164276381,-0.15854706813838762,0.8647132993896193,0.36214638781431807,3.0,0.6971412075237371,18.260133706384988,0.7953635168615927,0.5757428007792376,5.792175998946609,0
0.7656256126239077,0.734923427170364,6.652267652550582,5.476290634733358,45042.613104731165,0.03707547569515299,0.7618870696128801,0.12319317863553993,0.9236202349191002,0.7915863216729742,3.0,0.41767622864334397,27.176251356177602,0.6232962054745937,0.7088043625626983,7.3839698421087085,0
0.8709991812779259,0.7428245401507712,3.3375535118153428,3.6363496905151917,16984.43085706673,0.6866233001367027,0.8814791474266502,-0.38508603031954036,0.9639634275264151,0.14131976904468196,1.0,0.6927582326797643,25.06148965431517,0.7956850316859047,0.46524849633358495,11.766008447313206,1
0.7516804118949091,0.6741133962986307,8.388105932358558,0.2645917359022154,38365.54436268107,0.14743491314583843,0.8706945329624263,0.4603457762195977,0.9047123092063422,0.7608383207369901,7.0,0.571025834605658,16.637814104290122,0.9141221216434448,0.7789967522703697,9.012681702495362,1
0.754640728147275,0.8692849919276906,15.465364286882474,0.6903948833551132,17838.585831549946,0.2727654025206914,0.601354036431558,0.051822854943529444,0.8109638956813776,0.24048207032776484,7.0,0.932689967027796,26.921733102952917,0.7912715724528203,0.7882212726601263,13.249067838940517,1
0.7605879391879785,0.6876459646217196,13.004184106173087,0.8273573157888788,20698.9653631787,0.8597847063354418,0.8797930156681283,0.2431284250079592,0.9330048934818702,0.49981205832893444,5.0,0.3091768593547837,41.197675771627864,0.9370535953190503,0.652153154183494,3.928630281375934,0
0.7674825986378749,0.8936325699805349,11.99906293840578,0.670680200468447,44838.90064061869,0.10183125063065228,0.8161520896178689,-0.025347452514029506,0.8806700387799438,0.6633908905619694,4.0,0.7705038301389852,14.387596888168762,0.7160514955241112,0.6027272396292993,3.661205679163763,0
0.6207141149191057,0.6610868858024822,3.588941020727605,2.402918799080498,13675.215282393596,0.607429861689619,0.9091183717301964,0.33457140066360636,0.958706864580034,0.6466687257955994,1.0,0.5893847863912177,28.88542321729994,0.9483719882743993,0.8184371680172717,7.801577526584926,1
0.5878140019568501,0.5525558753541865,2.232545903140019,1.1136248493894108,127881.3106318955,0.05358571725613559,0.9438784450630193,0.2589735895423009,0.9644470829871895,0.5932754762803342,3.0,0.5879462708181065,22.930319323146936,0.76569452772758,0.6188776971273577,11.554427824138024,0
0.4730391914128233,0.8397239181720556,3.1277728090000596,1.2732979917346934,20038.17689409845,0.6363697446761283,0.8584747270674208,-0.2978605719884826,0.9158493075806047,0.7043980541887271,3.0,0.6037273755361381,35.351694934492485,0.8416237456185022,0.712279286019707,7.526483270031835,0
0.5521543831754854,0.7795597353288483,5.854237822893921,2.8761224017060303,21490.510917831245,0.2913597456090062,0.911811677341743,-0.27470697303320424,0.8077654286118016,0.2145755895150977,4.0,0.7545856075228582,123.86884485558735,0.5857474804648023,0.8785970673523353,15.46827702247729,1
0.7372546556213507,0.7825947378446295,10.77072961577927,2.459290267888697,36224.745049664394,0.13689888072265252,0.3828026634241777,0.0888925078634593,0.8079858966635555,0.1866579128247499,3.0,0.8452880645401741,11.464663263151033,0.7089697544426118,0.7603423669415088,6.679305750688782,1
0.7681645038848898,0.8492449299022055,1.159573925566257,0.21271092585619428,32046.697852756708,0.19414715463475132,0.7552711434987825,0.363829582962663,0.9137678685910198,0.22133410854456165,3.0,0.5510721585963508,30.74490951523983,0.772390607375761,0.8782502037744697,3.5100799006792127,1
0.45076256049152547,0.7040167498903589,12.516972007416767,1.8771972835517907,67257.92310750522,0.28490694369288366,0.9405644416518135,0.8451582212455391,0.7716034420355319,0.39593930048594905,3.0,0.681742885419499,40.271898275269464,0.4047436564026026,0.8474229270168401,35.75736842626418,0
0.5620562873881123,0.8901826647689725,8.441870778177567,0.8575526332086114,15284.87758847078,0.6602504028284688,0.8959318166211904,0.22119634266629162,0.8022739016712468,0.5976987304135264,1.0,0.2,23.175546318657858,0.7714086924439161,0.6827009266150623,4.030136242151957,0
0.6173999661230365,0.6072749789554316,19.281999097655394,0.5235893854427826,43092.846835520264,0.0365853484417231,0.8236061210886931,0.5030125609954161,0.815792705895028,0.5370451138074416,8.0,0.8361315383487297,42.84323630597399,0.961567668804696,0.7205942345761875,60.0,0
0.6214574383103426,0.7140102630259775,10.611819254992799,0.07696965908967907,40515.662852650945,0.013649765259707396,0.9901281396089223,-0.5451403739056675,0.9172589457041063,0.7008875693765928,5.0,0.6594904953714187,11.922451091977473,0.6185817285342922,0.5079929869269466,60.0,0
0.533243322827377,0.7421947920091756,1.6420851433270265,1.0019490368786181,13486.693960414193,0.261654964076233,0.48723420599971495,0.9051823397735931,0.9910363483170914,0.3495561160456576,6.0,0.5442949068574336,25.917860699196307,0.9343133242029733,0.8733870801717224,21.48075258296015,1
0.6056505846553754,0.7910847656939382,0.5600009442732811,0.6587733237749719,121110.06375937625,0.08649084607147653,0.5597077812444077,0.3422744844516771,0.600335183899573,0.6644896686469361,8.0,0.8245174004466332,5.115745730965024,0.7396149710848338,0.5003048372712181,12.548829567963493,0
0.6546215212437976,0.3892928176045165,0.5952752515732533,0.43455224452733787,40832.07457446664,0.10999587200764105,0.7889894600267846,0.0801581955364881,0.7697239343422951,0.25566124983105465,2.0,0.507872023074384,27.939332653874477,0.7980019181220277,0.9018317502489798,28.562228444634982,1
0.8512282651083543,0.9612992149982423,1.721073894519109,1.7795516771445268,55011.20250504814,0.022894781874143722,0.8169797685129172,0.03412158101682984,0.6528727310393011,0.5660147799271141,5.0,0.7609742135511964,13.976783892330241,0.9025048540711844,0.7178860896661236,37.1729817832112,1
0.5006099250237391,0.7388292771138552,4.7619699584915445,2.2011615344413005,24221.091456898288,0.06027270553555945,0.7459092593569866,-0.3428799191435993,0.9585051277536255,0.19204769013615586,5.0,0.6834457247951794,41.231643669708,0.9074927946621154,0.5704673475761292,22.256419497741042,0
0.7595752941359691,0.6888514114742914,8.156381367632672,0.4211381787649749,31408.651645395043,0.08185948341372089,0.8433855187844217,-0.22851471828806838,0.8816151167301456,0.4956220311562015,1.0,0.27506974993027816,89.10835105118342,0.401569355838613,0.7658236128245408,1.9374309168886514,1
0.32832289209175314,0.39822029233988065,11.475580625617042,0.07606772681565292,12205.072898802817,0.235996286404026,0.5353891503475051,0.8641742528533656,0.8620237830529993,0.23280284835146844,4.0,0.6713326893273629,40.16614818492962,0.7641445794421805,0.9099376287725132,1.0,0
0.687025133708576,0.7709507676365321,4.88755228980395,2.833258555811023,28780.3186463809,0.10025124830016441,0.6975409839109128,-0.295601775314405,0.9153731141623271,0.7055781887483484,7.0,0.6581591288678753,31.43773338968002,0.9758730897656125,0.7892189694143156,3.83527983938879,1
0.9010127929383899,0.3187157763517739,0.028236141841839993,0.015014506845179666,10754.022509665627,0.6259631736926596,0.8752109923158801,-0.3033071031465381,0.7890187112587854,0.8745397609181602,5.0,0.8565529621203883,23.00983107070115,0.37068638623897693,0.8502346459457959,3.7603835514756763,0
0.3173922707366385,0.5883596634607103,1.0309207453215639,4.149611649761297,47735.75221807097,0.055491989094450855,0.8986592966639321,-0.18088819443023166,0.8159963877377885,0.32750487920851096,3.0,0.5932657145186501,27.222442005011736,0.7717196819909036,0.79828933546838,3.62746402303405,1
0.6776704024113176,0.5994513208592297,0.5252817199100945,1.481760153455714,55059.27403973676,0.03947444135206298,0.7430347548940861,-0.37927230118450905,0.9676269397747117,0.4741598510620296,5.0,0.8090723891943481,27.509419121253295,0.742685303383895,0.6288844999210804,12.831936122571516,1
0.8589457182934676,0.6135199811229888,2.257475669937599,0.5825727222803098,47961.989121985986,0.1043090298321693,0.7761692343387618,0.10612262993820402,0.9124409704056925,0.3130185168797285,2.0,0.4921130015048684,33.49156292698925,0.6295510390228898,0.8124010583721596,13.21461281686472,1
0.8558113276470747,0.8370460288226597,3.4792641239194295,0.42449541639105115,89067.60692478018,0.10479747083138816,0.9294433598688362,0.5355642050660955,0.8004707544118307,0.38821106552311885,2.0,0.7584655189053374,46.24166439772454,0.7849481760800237,0.6802876997068188,23.10871260543061,1
0.4579151222089859,0.7449789026887997,0.22183499156869296,0.013569690561467198,28190.880782440996,0.6843989826385027,0.631533856215061,-0.1441969305088134,0.977866513361027,0.4328533773463662,5.0,0.3854215421104238,19.343975021010753,0.929539087644634,0.8416154417164177,4.049640049899073,0
0.7455228087301009,0.6219150371508407,2.142220388048697,0.4027437997364529,62423.913217420406,0.13908908755539579,0.7247342938147507,-0.4493297119043286,0.790875091376176,0.46513933524045536,4.0,0.8774088145232513,73.93463289223499,0.7948692145780695,0.6406264814579034,1.7502838363462903,0
0.6991506747246579,0.47298883385691487,0.987255209944241,0.2222772937895149,37560.47102591834,0.10013340706256543,0.9648379616158761,0.21674452520586152,0.6138861892307168,0.2313102633850908,4.0,0.6925877553160973,28.492275297599647,0.8643755517770219,0.7485615868425888,19.74397913464115,1
0.5037615752492631,0.4997827334734251,5.2074300653903265,1.420767652613513,54531.48699365747,0.08602545310691596,0.96174320677263,0.07769026492807478,0.9392081968708829,0.8133369599503648,4.0,0.5892122565898112,33.44892588255054,0.8281408450363825,0.6472444024633819,11.909569392236545,0
0.5563296173863621,0.8442759976121618,3.120646993943461,0.2732644104909326,26470.458807150677,0.2052987428640111,0.9171037678085358,0.5010898200326499,0.9056658023708343,0.2544705776839872,1.0,0.8647944550043807,81.46892479528259,0.5023915826443551,0.7522436089603795,19.756345989605883,1
0.6663863118433812,0.7951769044411091,3.419130257211009,1.1281673790956936,7580.247668873443,0.10185728401496538,0.827411512212318,-0.08180331972090818,0.9164276022083518,0.15518126426791648,9.0,0.77518577994082,7.463343771339113,0.9212777110824584,0.862452139203551,8.626148233207724,1
0.7771028265785843,0.6400319098326768,2.7903880030544963,1.3378231748173832,53079.15164083044,0.1713057736496851,0.7985958331119068,-0.004062711850670059,0.9854239140612475,0.6163955451456142,2.0,0.640230344486649,5.5741744174394885,0.9024278945127382,0.7949071852589337,25.010668308263803,1
0.7274353364574222,0.969014261034478,15.620068555171185,0.5308219141126749,5565.77097303484,0.1885810847000555,0.9425344996215533,0.04018785418269242,0.8173504444835622,0.8182882499494817,5.0,0.40302943073874026,43.494514440198955,0.6695427375333745,0.8285948875716022,20.65670857450398,0
0.5130137169804924,0.7762816217444277,1.208670989429117,0.053541726886234445,86001.51159571287,0.08241074239915848,0.6905899965627628,0.13560164422139284,0.851352977373386,0.4781207355601247,5.0,0.4168866938593569,33.312331062036634,0.6111153613533221,0.7340105700310388,18.914387962969084,1
0.33034592820565045,0.7022899740574008,3.6352187630733073,0.05694830558287298,24001.428073011775,0.3636810489080537,0.6522672718878051,-0.057024670943035954,0.9892069115734641,0.16111422012273752,2.0,0.518963874187565,93.69939740125831,0.7722756590562211,0.5911693254862129,1.0,0
0.7320391785520207,0.6199557451717903,6.659359836313328,0.04005096424962547,72009.99456023375,0.23558699968812616,0.7734772420034036,-0.12185764321840353,0.9147201980129749,0.5798046696055539,2.0,0.6254559316186775,15.065776224218013,0.8516925492731364,0.9899430548699566,35.150453296718254,1
0.7624061017507859,0.8620882544482042,4.069171793557978,2.0155689564533934,39755.628614464105,0.15960725301340384,0.8301245997765708,-0.6401510739527366,0.8261326005569246,0.5028216193465707,3.0,0.7723040397765327,46.521965217360574,0.9822238661890337,0.551187245540169,8.506407205299448,1
0.8878692992969075,0.6637144564041326,13.226848051206035,0.5741097767593648,9915.927372584903,0.3410983005395958,0.8291963160336511,-0.12615488364804683,0.9430290110949086,0.32481193623406773,5.0,0.5828458810291725,25.743310492488845,0.75028181249007,0.5632344009495387,2.6232774286369955,1
0.39499990286244757,0.8221977864100968,2.3738215618113556,2.3866618030478395,75007.38333083015,0.08682290142027671,0.6776834612587959,0.38608930723270085,0.8741037859728902,0.038231819979896,11.0,0.37295144120333923,64.30865388844755,0.39789814567871207,0.5346355188652799,25.360237608497794,0
0.5570402781229018,0.7845175537447197,3.115082303889479,0.8477453854453152,130679.3108965817,0.14528122846268202,0.8400877648475628,0.44009820774755437,0.8167283004576009,0.19918810030763612,6.0,0.3231569816597717,7.172535762618947,0.6477413880446148,0.33644759084940284,11.996215422265601,0
0.8400990346607572,0.838248934265568,0.4634408351118956,0.9049545068875667,34402.123775912,0.12822177547444677,0.7512712555276677,-0.08844520943652023,0.8598826403322185,0.2180290180457456,3.0,0.7962095976707969,27.51628044708766,0.8479545532904746,0.9541667573893177,1.0,1
0.8468768798646774,0.5067964401177021,4.695227227374382,1.0788751835126866,13545.987187033774,0.29887432858619845,0.6149531849813565,0.6197943992727047,0.8838465889264054,0.4707451394674325,4.0,0.8613063669355889,55.13044942289831,0.905343298190835,0.8100473935387158,27.40807442924629,1
0.9356603825578297,0.6333882481515194,1.699875601943317,1.8725740099858834,11572.90044785389,0.751859026918449,0.9540164178762407,0.08851837131985808,0.8228858917580172,0.655702936824794,3.0,0.593164025652232,18.989889340649075,0.8421226334898567,0.8784784760945227,10.2779254137788,1
0.4134017974641237,0.5644525794993154,0.8736067951166357,0.4792811110300175,16454.436400288658,0.5365800002505,0.8087595522942442,-0.43513854872637925,0.8041509803218747,0.18842392569787605,4.0,0.8802869659201551,31.87409665544906,0.8675384063405993,0.6682872509907437,25.311506635656535,0
0.8037979987498725,0.4029038270756526,3.9321413238087595,0.19445820992333265,26018.414974621093,0.5391681018670018,0.9398615178743327,-0.5609536225817023,0.8774841352666923,0.22269516781169352,1.0,0.659478298885087,34.29044769249126,0.6069205473769897,0.9009708788505694,25.360421525171077,1
0.771929575133437,0.8528198157629131,3.799750794284666,1.2180897873036585,50183.87635248407,0.06686886340934522,0.9288189844632538,0.5873031690478906,0.8263960136783824,0.4696887405823754,3.0,0.7013368012405968,41.905794850163204,0.7673488587610166,0.8123014518343088,1.895213535646413,1
0.921975400292229,0.6222504996400521,0.39452150282127446,0.593965050933461,81190.4185356118,0.26984443669794955,0.7899627310050165,-0.04920149010442951,0.850516800644318,0.7672078791457351,3.0,0.6021546231203966,15.448471520753154,0.8907294693422562,0.5344947574462549,17.098457015974194,1
0.4593981170291456,0.7089959030666335,5.99020969190546,0.8764157923571051,51054.35047707426,0.21478303155338438,0.8432653555444015,-0.38562580922903167,0.9813741420921154,0.37244304032569575,2.0,0.5272183331606692,23.586866508394554,0.8322280370337957,0.7867408544335978,8.037023197313864,0
0.6751469415198332,0.693350197933227,4.887802215661889,1.5617043983405354,41113.77186825122,0.029789675528661144,0.7514701135783695,-0.803710468574214,0.82972962739336,0.5203151021078725,3.0,0.7685085332347061,46.81822914590832,0.6136182457441187,0.9766094659805961,14.22978663734651,0
0.8079216344952572,0.8642712982848334,1.0475426775435532,1.0222007112827594,50021.6105353697,0.058244489419509174,0.874660011169492,-0.0582864443500572,0.9333158803786122,0.3142842678790728,5.0,0.6218042149147999,55.753751926601915,0.8100050612175769,0.5133198936919419,1.6688740785956475,1
0.7968571373186701,0.4741935306348946,3.169062713525666,1.4524770371782068,50886.09400561523,0.08840406386783622,0.7755552253430944,0.2619003435985445,0.8316396709200713,0.04943933318479052,2.0,0.9103094338004025,37.36479505913483,0.9587087296719634,0.7847667726195149,15.969196095214235,1
0.6633903250657313,0.5534800268035363,6.370598072409043,1.1785517502116036,20771.143102338006,0.8710144053537732,0.7557185928066401,-0.17907645761848182,0.9529410477392376,0.35208752715670494,3.0,0.29507487698340806,26.043100802893175,0.7594987064548484,0.7660582359137738,27.054145297615666,0
0.8704863855652488,0.675605704449881,3.769113761622597,2.01943615445202,35963.41833161777,0.24691715747843943,0.7774484412825513,-0.32129806405354866,0.880559575268633,0.8485734505460474,7.0,0.6678629535532745,35.36494258912448,0.5239775163035139,0.8149731687927838,60.0,1
0.41591893664772966,0.8157100302250695,2.5166776913053504,1.8359399232958242,105045.17551311552,0.13841109596249104,0.8535203267542248,-0.11975030744269097,0.8640521338258913,0.29107709396652137,3.0,0.43883888339323684,59.73288872526875,0.6999059318695211,0.7368579053999424,6.949326024673616,1
0.42885590337679164,0.8383045851012799,1.9455365819662735,1.1459658315838959,45742.52900912814,0.237537320272717,0.8214751874751908,0.5972768076579423,0.8598394991065439,0.503862880640213,5.0,0.613959724276971,38.13379190166251,0.8421349458182485,0.5695289126349354,3.0341933401830237,1
0.7585701606925432,0.6169191592745377,4.713094823188021,1.7040181286670486,16964.862760446755,0.12435143409199813,0.6355949270251415,-0.45719264707007623,0.9418925817709634,0.5413211987704845,2.0,0.6151953041089776,14.492402217000995,0.8109086028992831,0.9590555777512044,8.199909093229321,1
0.7133143582153553,0.9820347630706475,13.99332471931886,3.1019763690865108,19862.336441527772,0.3455801863706553,0.8846911664555337,-0.15668041216900688,0.8353690776430233,0.930520327739603,2.0,0.2,15.077825144077503,0.6333814345642731,0.7521434726506894,1.0,0
0.8318434007231277,0.602281706948603,5.5698202382578845,0.8491673905542056,10463.227944331824,0.5721929165140268,0.7467622273381312,0.5843030958470362,0.9970662723994288,0.5080232783254931,6.0,0.5231270482425635,33.97545903902935,0.715548342777794,0.8997014705927445,9.460004137558945,1
0.740718890392228,0.5507449689066201,0.38843440210480246,0.7984903749764265,49200.16396214024,0.21273002106079256,0.8151124125763438,0.29767051576950143,0.6660253298715287,0.24533246980578877,3.0,0.8344791040230755,10.368077361726113,0.7222845411420574,0.8507124012069287,44.28514905103062,1
0.6090474148122571,0.9426240948188646,3.0872770701173806,2.167447173380279,37656.8475198544,0.10360078178841294,0.9004718458394755,0.17165112551158251,0.8161071177376964,0.30259514475339644,7.0,0.6212383249697676,57.66552897565239,0.9381124785988014,0.5933378539023647,3.889930176499847,1
0.9067952064003205,0.8445571108095541,11.073976123107839,1.3103995410073648,11897.653004900487,0.3876031183858196,0.8069830407006843,-0.1593784541664995,0.8821665584813674,0.41129086055709296,2.0,0.7939234202085806,17.29629626429462,0.9502734399161017,0.5683687448735186,11.69191373911762,1
0.7071840285751438,0.8736368563738207,0.4961325349672593,0.11048075790691136,108636.6315945638,0.15260062555406148,0.8772390057822745,0.11220192580017117,0.6690365817896141,0.08039533751357439,5.0,0.6244495709225629,14.74151528615427,0.7049233946914314,0.44666730161052004,15.301347077463598,1
0.661764399498542,0.5739125476995456,22.493122326710786,3.339992658642805,42968.164288058506,0.06279643271883108,0.8563471366053761,-0.1151316273813203,0.9566525581713216,0.5277444283504569,2.0,0.5589131417125884,107.9376362317263,0.6271971074745475,0.6469227310822645,3.5700781807004986,0
0.9608250514148865,0.9248453058241185,14.886456162549738,0.04690028315850829,28989.442461883078,0.1569803114472614,0.7769306674772917,-0.24375445242830043,0.8591269921079482,0.24947064412145536,7.0,0.34282787884261745,23.152717114506853,0.6488446413144262,0.8001975164786161,7.211431387114724,1
0.4944396636127934,0.6545936685919471,0.4075390059489796,2.0698504076812836,41634.49454333703,0.10963042815218771,0.7824905570165614,-0.33202299012069614,0.984919628343353,0.6026000962765532,4.0,0.8732588990496902,40.381777439784045,0.471466699520352,0.4300196121221454,43.616601017869485,1
0.6934182205902941,0.6773579327343161,13.546253640949427,2.133156795667733,13240.172875348107,0.856007280949637,0.8467570051097763,0.4136382385489994,0.8176868329658059,0.14675168785168086,4.0,0.7894989933355023,50.355004477085416,0.6876350009583866,0.7208203825615903,6.310650279393845,1
0.8000575356202062,0.7105368151147652,2.255968965249039,4.5899609871347895,53199.426908035784,0.20944829103187484,0.8067086536583187,0.07583754711354578,0.8244405312995643,0.3022401425447693,4.0,0.7585431620989209,91.48867417741016,0.7278839568769151,0.5861642473352127,18.15935387168086,1
0.6822994964532533,0.4836408698819673,9.312277893732812,0.08348220118235883,10112.284493967369,0.6927659477075935,0.7065393949631178,0.22580549752107842,0.9542773535409086,0.10012488023842331,6.0,0.49766895601067884,21.866907753707697,0.8100398442051443,0.8223302326357883,2.6511277559983504,0
0.5922328795410483,0.9449309866641625,2.709718520622479,1.3626953939112363,43602.88668864131,0.13924105674041384,0.7663638815531608,0.1606692743205615,0.7834002842199302,0.5005366731455594,6.0,0.7674599076425066,37.487735422595684,0.7254457806452026,0.7799574698878333,19.94866212643752,1
0.8256087688352336,0.8205048193127171,2.906733246272512,0.8375064056374677,281318.2067132206,0.09673940768661467,0.8799252033170303,0.2763675311233438,0.807050015265723,0.8506363245716144,6.0,0.42270656290488734,30.461626577221573,0.9192843791343311,0.8096327471682541,5.8916961534279695,1
0.6297523100912569,0.44961204149845485,5.028931746233817,0.6021340827918893,122839.91443986478,0.12452981351679818,0.6963849199255515,-0.0018875159943567282,0.7734883216060043,0.12856356243686395,8.0,0.3291004444657545,177.47386640535248,0.783168077066418,0.6659774100107966,4.734109559582155,0
0.8635921696341132,0.555609696786205,7.4466749440214635,0.14199121053218497,37601.87221853478,0.055087742714657786,0.9170487068496518,-0.09266298042182972,0.8991327326482936,0.3101025034192505,5.0,0.6905613462674044,8.039691901182522,0.7379768979569926,0.7969137955195992,2.386399849764217,1
0.48855390533419796,0.4193530817190449,0.17186599173596964,1.2405463631726794,42252.52812172302,0.27818872353963486,0.9470236665942555,-0.22611213175644898,0.961626515692516,0.24965320252868597,5.0,0.5069552510086387,29.596584652231115,0.8027697325102159,0.45173219946953935,1.0,1
0.7716410568159886,0.637903816859236,4.4966272420203985,0.9781251128482165,28547.18708680622,0.09830586431919854,0.7312091425569021,-0.46558765336284547,0.9706891723252826,0.2924648590268849,6.0,0.48988005151993724,32.713919097226295,0.9018809089956467,0.6605334359879556,60.0,1
0.6174597694738657,0.8441865104908849,1.0334790140405472,0.16565080867930296,56903.14624119951,0.1511068321608834,0.8305184083138435,-0.3488132682491666,0.968735487071432,0.24106280466496077,3.0,0.5028447426802088,30.641501689177016,0.887677484057798,0.7486015919163705,9.616912238071123,1
0.7891780426029354,0.57252087539149,2.1228537034615114,1.4220185281443158,10579.188593164623,0.6573599780578757,0.7591177264607761,-0.04616708844008863,0.6309131496412478,0.2850975688809235,6.0,0.5455317422374564,12.045651765892455,0.8162695497986672,0.46666102054130426,27.06025362460268,0
0.8700207971643283,0.7317353383301005,2.138313300830442,2.0088477913423004,132316.82875674352,0.1410585457185283,0.794695699025931,-0.5412157937741914,0.6463016996679273,0.17856302494573656,4.0,0.49816623230343277,9.042557956077792,0.9091240590003198,0.5050982877925376,45.483219286742326,1
0.6769122338214001,0.48173355500309345,3.165534496326188,2.1868679466503944,42600.808771486525,0.030877958796473134,0.7747426886646716,-0.4529143616544121,0.609391575962136,0.5924370634724395,4.0,0.8849429064247916,11.2611897165867,0.7411456535359989,0.8500287475015326,4.10727180929678,0
0.7295153459059002,0.7845774513941671,2.0333522602883294,3.536721631361564,47255.42683296936,0.26593462878511204,0.9201470711928442,0.5168559570540711,0.9191222926866126,0.10555606892166597,5.0,0.4877105349835287,60.56527442121305,0.8495488776484529,0.7736203971591643,36.703023496216474,1
0.3696998013386585,0.3804498578829319,0.5678658392758693,0.790104144814525,29791.686228548595,0.09444077652483378,0.9058885132897526,0.18967179394151698,0.8477783211474401,0.5828287368301054,4.0,0.6098310005002797,32.72542333859199,0.888241244348211,0.7707480233316333,22.159539869835545,0
0.4665408913768394,0.8367358223507508,0.7869472362826342,4.58873571845178,35439.63107712917,0.16320823189255942,0.9054254957003167,-0.08073469128140828,0.7623835552552706,0.13102462695307465,5.0,0.44263053496475974,9.665182793731699,0.9185097939486268,0.9795835851569277,15.528520740568938,1
0.7925833451791443,0.9562461043752731,0.1700490923079588,3.0084995225433477,159231.72265725303,0.16306696495434175,0.6154064710526209,1.0,0.9385074708441657,0.08993514584404123,3.0,0.5599609091992214,90.22230509267243,0.7376287593597066,0.3738084080876404,29.806007535386428,1
0.7301688627880368,0.8266760973434146,3.176741776129888,0.5275344533764934,34545.6913625549,0.044589951624292655,0.898779798309297,-0.5592998874852115,0.8445832389601218,0.7881356462445256,3.0,0.9002142759731573,130.87938759742408,0.8661539698040207,0.7260628459949787,2.111054647398837,0
0.9165407733237506,0.7230683156873668,15.444470247985107,0.2602503363402791,162305.64979329865,0.08748689648620668,0.7687678592827367,0.49024451058472873,0.9273088908665199,0.4240770784040428,5.0,0.5479883099027144,40.88787081897432,0.6067875975633245,0.7004034717838904,5.507681152586562,1
0.8157395605802287,0.47499728557537824,0.6146544487697518,0.8574284731914892,22389.93136543141,0.279596678773283,0.964606772387727,0.05541356688823359,0.9807619543327778,0.5246089545128356,3.0,0.8349435442960509,44.654643172862464,0.6858018953974854,0.6760470705799436,2.5284725678133846,1
0.6146840245452468,0.9232115639854379,14.618406427998353,0.7709927320296794,32028.405667915144,0.018871375533126122,0.7279571894609732,0.4140188091651248,0.8702677271059169,0.6127446976452964,4.0,0.6108526405328978,35.24146769068533,0.8081881715603128,0.5230925628415513,40.73546593743108,0
0.658950551467892,0.9514462507599835,6.609307629061104,1.2860400405864525,69776.6281245985,0.16474858631003914,0.7602050901742083,0.14358148690832284,0.8402218725035896,0.05375631110952381,5.0,0.5647431939160653,21.349372403486537,0.5514329102221023,0.8048128844929708,1.8724585252129768,1
0.7146478934490892,0.6587805137043788,5.073637512211379,1.3133935545004376,19027.303754145898,0.025439620511540605,0.9129646555194915,-0.6488980248981031,0.7376445161021139,0.09214485551190738,3.0,0.2852787270237645,9.196169250841356,0.6582600105191203,0.6744006185081219,60.0,0
0.6404584373948782,0.4723549179308597,5.1821010255541164,2.0793634499924933,34875.17674753193,0.17785806180472258,0.6206392871009272,0.13818418702353139,0.7461942558979642,0.18622713966605253,3.0,0.6124762869993589,15.520851304166202,0.7675933545293884,0.7092627714066042,2.095408674887866,0
0.5178906457742368,0.7482051251840791,8.76445317823994,1.0696879763947549,42798.47610381967,0.14725891132560961,0.851802660079365,0.23422234185583923,0.985202743274493,0.548531838572464,3.0,0.6529446131073805,31.88036060864126,0.6581508404286954,0.8188353937496717,19.51516855150586,1
0.7850360333994066,0.8071454131928315,0.5653948229760783,0.16610012068957125,52520.78024375707,0.20794093549241596,0.8868796607463315,-0.7767941194097656,0.8000561931588419,0.31171345071274636,5.0,0.5743573906555071,49.543135799944956,0.8088180078954078,0.8311530228534083,19.44474844218375,1
0.8303893680958497,0.7879390033792825,3.5135066175415064,2.9309729816109833,165865.27784764476,0.014481067141602522,0.6990765420616788,0.8776193175207594,0.9823716787362655,0.41551772659610786,2.0,0.5255671657184936,28.151636234166396,0.7768527376952084,0.8449232327736503,48.190013027711586,1
0.9326593669052916,0.8952397220059702,5.9716165252859446,0.5560838336868028,10787.915296727067,0.6837029699733934,0.7616744839769969,0.22448303766910885,0.8047398002127012,0.45712396892191803,5.0,0.4899228260385772,30.986764206100577,0.8488140929908835,0.8094128063073602,7.025035607112845,1
0.7591228951656077,0.5006425819049173,4.419365114048587,5.3261545036082305,172199.4340711618,0.009067207342137085,0.9479073909653292,0.36879509605459826,0.6923448905644689,0.40236609689994174,1.0,0.4853771278389783,34.15302107331148,0.6614991866291514,0.6722660088545884,7.262728827485521,0
0.86911156092447,0.6462132367315918,8.94219706429703,0.18810694291959057,49372.375785009,0.16326469102678098,0.7481677092131984,-0.3662117558305247,0.5879771213803215,0.9216807446894304,3.0,0.42239726076440093,35.666651861892845,0.467004260146517,0.6682266913986509,33.70876342505292,0
0.6769900511100981,0.9447864345832593,0.3750818947509226,4.7641258582570165,20977.84313940612,0.15924788502732,0.6589913428509979,0.37624700885824736,0.9786067774477051,0.6938710285514751,3.0,0.6514942283608484,21.95931966446595,0.8369932749133647,0.779810664360658,60.0,1
0.6742526822138145,0.5834221678448124,5.867234800544035,0.14313476063800495,59618.505430927726,0.10488223165791909,0.7227677028033281,0.5358017838252224,0.9741742903886512,0.6468605992557668,4.0,0.4496479186778774,44.21602600355766,0.8045183380816667,0.5657576722715862,1.0,0
0.9117709643864135,0.6051239351926968,3.8181457694523067,0.3940669560148874,41212.711214442046,0.03136523079259971,0.7004382186174227,0.20142729125513836,0.6537956505224043,0.4154616789641801,4.0,0.8079225605728748,15.201924250102646,0.7254773168348113,0.9225758789417522,18.157078415435823,1
0.8534066990669594,0.5080226948815713,2.3834163541536215,0.071549547201842,195738.60191089314,0.08588361426082462,0.8433426975095906,0.09625137659169421,0.7830452280535143,0.7416799984579623,4.0,0.7204233947972112,41.040420922648494,0.7309313969293373,0.7308995380702401,5.02627254186944,0
0.8231369497640888,0.8428278593752385,2.079660852643265,1.8317453162166506,26883.51330102789,1.021381900624036,0.6802739307741736,-0.2574352499593666,0.9844445199016147,0.4760577337199161,4.0,0.5576813967156226,11.440626636451338,0.7233899422809684,0.7218675002754201,23.432662360575563,1
0.4006951005505834,0.6555828091247039,4.848887845991729,2.848670321786968,15662.276495458405,1.0090223480709701,0.9182242829986785,0.013517232886669658,0.9254795735162099,0.7743193508735084,5.0,0.4527443272457593,14.357005491998704,0.5782515913100521,0.3947734874004843,26.668227277566864,0
0.7461004886566291,0.3122346055031524,11.081824815985117,0.8539301923693235,42789.89985268374,0.09069085706719958,0.8414170097351413,-0.1048118057037121,0.9315077532063529,0.7912344063908785,6.0,0.590433424110979,20.040730167421152,0.763526889125085,0.6948734377518927,25.878514850450614,0
0.8913608501260962,0.9199194991073645,3.4276406578536482,3.9575499282073743,16359.813512865132,0.3827267663709237,0.9478424024936534,0.3287982549570737,0.8439845336212285,0.13723672397839215,5.0,0.7914789402510987,37.946363761028316,0.8828096298092942,0.8081402465476412,10.293024495789409,1
0.8422579087024897,0.645550512752229,8.70694317707455,1.338491743145009,27350.887708580543,0.03295930322785011,0.6064324825154174,-0.23995037004696104,0.8066782275455349,0.47049378514899576,8.0,0.7313639884812859,39.05931111041208,0.5701677562358216,0.827024072453693,3.0913093697467375,1
0.8063223092889175,0.7514216125253299,2.572130336654955,1.491407337780642,18498.07691333125,0.8572534125967399,0.7153176734120182,0.3258602886014229,0.6932043693654828,0.5916160856494492,2.0,0.3983231998384129,18.256689309860374,0.5676483795738194,0.381426839806765,15.820375773381723,0
0.8861391530334112,0.7421412438211823,0.5401228766515012,2.800557529508274,37900.05692973251,0.031659189632061636,0.8499632721740381,-0.23559422509186265,0.9252798935042603,0.43893646317652313,2.0,0.854517711736637,12.26739539768483,0.8603869232958943,0.7342387023902629,28.00939685194227,0
0.5443891124335279,0.6044565697312245,0.3173926767180397,0.5281713363140859,31904.237080328123,0.6620947074775282,0.603520204235006,-0.004941021664007367,0.8986878781477305,0.6729142748815637,1.0,0.48723604563656536,77.03090248394166,0.7301412373473707,0.8972677225389236,43.787462801228706,0
0.7205842934969852,0.9138866299006176,0.2634944157906085,0.6560507897171864,8230.216876276389,0.6526967328316109,0.9648126259931895,0.3464177588051267,0.9245250765287369,0.5345636811011124,2.0,0.5810260965488669,34.698769013679474,0.652920491162529,0.9410803896322815,10.847816228118887,1
0.8874599247667937,0.9014993834138443,2.3913899735869957,3.5459236943299395,33071.81520071433,0.12089679836275219,0.6725391074423054,-0.18151868799441753,0.9237619176900864,0.4976647980948089,3.0,0.5275017272642357,30.082656976663365,0.7934650709474381,0.5631585776980997,5.074784924895023,1
0.8916342067946071,0.6613572976532042,2.0566947582693653,3.4684001548941357,30044.25142080726,0.5587769240470295,0.757180705900718,0.36021459559104074,0.9370704786602695,0.26507965569226555,3.0,0.6630785131542314,42.727692990724286,0.9090058596778194,0.8067882432005619,2.276931010324508,1
0.34929531978774964,0.7235936420680745,6.3281245624449465,5.625033298004686,27407.800150799354,0.07753036944700772,0.7353465677979882,0.32119766306854725,0.9690376655586982,0.07621967040721864,2.0,0.7030924806195573,16.983360390677028,0.8437543968636364,0.8784659341255509,28.755266665551638,1
0.3189116825818572,0.713251336062467,6.7899244440511435,3.481708991342761,60151.27687989334,0.035188578412364814,0.6601384004844697,-0.00838026935077743,0.9804211033727349,0.5446463694272787,8.0,0.5487039131780961,70.08049929150634,0.8922045458004434,0.79626521274748,13.794436389132162,0
0.6029741072112611,0.7356046381197823,0.26096306607680936,0.20436895813128875,53061.43231739819,0.19400298270693198,0.9263639161074303,0.5647132805423157,0.9353493765056002,0.535667986931895,6.0,0.5418592365696878,49.561805218241474,0.751332811554856,0.8724056092622146,20.185609643614185,1
0.739364767237509,0.7055423294092188,1.2495123891905977,2.603558930509595,95274.0352794853,0.10529580455301088,0.8607576633197908,0.13111373679084573,0.8794521785478338,0.27457011562110434,1.0,0.5132975487476031,27.157446733664905,0.6228246772911655,0.6991689376704795,3.122091194779981,1
0.6518880221510198,0.6740174024436345,1.6028300218313318,0.79103852045022,14781.983912189575,0.320013498605204,0.7646396587726394,0.54091061063414,0.8392835668563724,0.42452941732368377,4.0,0.40248402971805586,31.704499933443156,0.9758908122394717,0.8006451038197434,1.0,1
0.6624903873660631,0.7773442104512678,3.966075126193598,7.033048786826208,9545.143903974562,0.32829978386116676,0.7994641207395732,0.8173859699508714,0.8988707075705269,0.3957954702613826,2.0,0.5703594274995384,27.999413475976805,0.6458688361602467,0.5297639430168606,60.0,0
0.6461474341873301,0.8590172518547767,0.7804349057036181,0.9587868994763771,107257.44388520939,0.11988548784216388,0.877858654671658,0.0034795913194754363,0.829385613626734,0.6574596537231505,7.0,0.6518527018918141,84.20565979534295,0.6529837112282878,0.8690881884482932,29.977503515896977,1
0.7478010540946525,0.7576618004460467,0.7190124837082413,1.210603299693039,39386.56836348198,0.24515788448245004,0.9123821108969894,0.3579819936109586,0.9038471461517552,0.691458785628815,5.0,0.7088557655793766,44.785841254429165,0.7654878530116218,0.7817889915680809,9.195653529900115,1
0.34074574897762533,0.9357205995372724,14.393204203483652,1.1318156928103138,37947.66946783595,0.054535827409466706,0.7625543244972711,-0.1550271701291502,0.8369415194558604,0.1932439290282423,3.0,0.6887309168500038,48.408316640688376,0.8328215814738159,0.7732979506145005,10.996526878142948,0
0.8553095000178123,0.6470218511453375,8.15338198649619,0.5823303070119492,41255.239959833256,0.060736418585711015,0.5094882347115335,-0.3131257638032793,0.7859662254217066,0.18497614128298623,2.0,0.6648134275160574,34.75833558452968,0.5383793594373365,0.7945158194212264,47.62793500586295,1
0.6876763455486924,0.8784970844338656,0.9962495945515503,0.11697813245861505,43156.588089395605,0.0392810392839074,0.7879376714689394,0.021816137045428632,0.8951022277275811,0.4153145046710053,3.0,0.6905405318373755,33.11001608473653,0.8837848572731573,0.8742150327587872,4.189543626684616,1
0.8143858156663423,0.7259875433346636,2.609161611766898,3.3900246549517714,16050.907829540494,0.8299632714711135,0.9591556516962256,-0.4450401118997852,0.8777181728369828,0.6002635899312407,4.0,0.8069479644226765,123.39259116918544,0.8475781971249394,0.5684965999509242,29.22628160284114,0
0.45231618357634074,0.7121709638023316,2.197348836977376,2.434360921652846,62194.95875104523,0.1738069391510406,0.789685992976458,-0.27504311185892394,0.8272147833485662,0.5469425846536151,3.0,0.7911797108882574,25.690891707781986,0.7357307773250519,0.6719428999128144,1.0,0
0.6886229240120414,0.8435677190202072,7.827202601716198,0.22540917885940204,39213.888713925044,0.04855091252614107,0.7288771589263202,0.3365730397284271,0.9046447014615951,0.792703347712939,3.0,0.674736741907353,38.61061482336652,0.7080129909937081,0.7327680849554715,37.53288275340859,1
0.9056669757429177,0.8484192818510747,3.568922528674317,2.2493173576924965,37674.382411801875,0.09774304837021465,0.746734184269558,-0.1054596061795354,0.886141438870463,1.1138978117237195,6.0,0.39736367052248256,140.18430063806355,0.84312419133808,0.5947955482682716,16.017359696410274,1
0.6676705946208079,0.9096915344943783,0.683967749784581,1.4746343726491649,114913.2390230874,0.08726734051570251,0.7786668703981426,0.3842056348487446,0.8472899118141966,0.06391589470939696,4.0,0.47264496303050224,83.84001152680128,0.49572923625493,0.7095311528589164,11.687031195439442,1
0.8359454082292946,0.81704943902695,6.716022313793744,0.7892738807193127,18183.57700114125,0.3218746098614504,0.8512719355579075,0.2197647752069949,0.9740597533219888,0.3746956661579316,6.0,0.5590153272465437,43.185602783874494,0.720202999313229,0.7590727477199349,22.063203627397083,1
0.7529841532411512,0.85527689177708,2.528261627103962,0.4395870437614452,10103.511812760344,0.5388545553549442,0.8499393152310754,0.8404616248076461,0.8344865662162231,0.11023694456874956,3.0,0.723371252427598,11.509510672089657,0.4898326482632937,0.8489951734811578,1.2608678101950854,1
0.5540484708203021,0.8408543977763069,1.5253230365757715,2.946266204616024,75617.77781960639,0.0781596534597931,0.5545815307240664,0.3097349142304183,0.9095339049198333,0.2522379485285693,7.0,0.7327463561691498,151.13276721938738,0.816996757694301,0.4925174008227845,3.9166011504500546,1
0.9791921783440044,0.9504390616487844,2.3540087144343285,1.806900798429135,44452.62829188441,0.034195336533084875,0.6903942921517576,0.5456872281117258,0.9488895993961557,0.13394927879193846,4.0,0.5160528258136298,27.985325753471717,0.6987510748201297,0.6683524803130652,9.405643026668777,1
0.7960517462881084,0.826945221262787,3.4433517188922576,1.1902467646694002,31948.7692084344,0.038745406886414965,0.6736231107428472,0.26075386525101857,0.7858255059886408,0.40280794849391083,6.0,0.4277012813200202,35.118728543339856,0.7220259402320892,0.48853003483002033,17.315719362508315,1
0.9431702483507759,0.7886093715203695,2.1012355001549348,1.4107542420687733,22358.382963887638,0.8309695450086575,0.7067937125374114,0.22455740043122907,0.7328786708882018,0.5287701535623994,1.0,0.6000528802966609,68.18811483139065,0.9019295858407965,0.598281933752442,2.8102614124775664,1
0.5534218414006792,0.6412671541739877,1.3847379525036005,0.1432244925396214,15560.663379682164,0.2530063078670577,0.9354139108216978,0.565893216845326,0.6088380754519055,0.194381168030832,5.0,0.36645214097004547,28.668080984432464,0.8835877820541608,0.8064470218520685,8.589910803654782,1
0.5107909125551564,0.6690448833819402,2.5416605824039484,0.9634522981232114,36132.36636513802,0.047427909307247475,0.9126604932842083,0.3675189863461059,0.957619281767554,0.3557211677608026,6.0,0.560439622379074,38.43153260208296,0.855580322639544,0.7385989771915163,5.4416221381139485,0
0.8380810486659841,0.5539454037439834,0.096795473181149,0.32294964062064624,30788.708774437844,0.13082844129971238,0.8469474971049102,0.18402544518297126,0.9037530503393842,0.37542011076275306,10.0,0.7429887540464153,34.64449533932916,0.730119229061334,0.8616670839762173,18.67036731069808,1
0.8236870315286352,0.738291315497492,7.4029778646372,0.3505176716117807,50059.28019312321,0.12480204883779358,0.8214369025535309,0.1822618663718871,0.8771300996382411,0.39850614420150354,4.0,0.4699045550118688,25.67413588109039,0.8541166494553164,0.9407575058748414,45.30149451927543,1
0.7159352066091089,0.41295146730977483,0.9373432633781191,1.6239783266120333,108960.08405022802,0.29695882026475856,0.5680207337131611,0.3152917247321664,0.8676990248699044,0.14508719042522275,9.0,0.7461958560475092,42.34834128679115,0.7015641194609817,0.6908230386251605,3.2669434248421547,0
0.8614075715780724,0.881783164479356,0.22448797185546512,3.6330017542076853,83824.06233521983,0.23498745300925922,0.6852878460663943,-0.16854940778395403,0.6728519493049506,0.4336397103536296,3.0,0.8700396005099479,21.24570314685761,0.9561750841445941,0.27983094069990105,3.7765670237560345,0
0.644713206837897,0.6530126462823529,5.302230265612754,0.775659485395772,59229.61705471411,0.35421958163595946,0.9108617985755023,-0.1855197864554793,0.8436669614065391,0.1618694148170688,7.0,0.6512964149164395,14.947112490840638,0.9419827697212324,0.5262531289040806,16.517030484705735,1
0.506278519122286,0.6686192000377977,7.434688519068607,0.34931604418092155,27385.83418575887,0.1407133342884944,0.7140017712529101,0.6701623729491729,0.9287216665813242,0.5052496616523737,2.0,0.6159130738510684,48.35561497720147,0.6498273712084297,0.8685986102458654,10.878036445782346,0
0.5080871653031304,0.3750872135396553,8.40545189808433,1.5693725081418723,37915.76460457793,0.13464814983624196,0.5608711745600573,0.8457654655439991,0.8988795607133028,0.8191687914677229,5.0,0.7370619791512206,79.5356386421409,0.8710079828156335,0.7289763425883612,22.791945934561724,0
0.8034444399038491,0.8478545062255406,3.401245425468378,3.07409084783188,8321.497851817203,0.8324356880745408,0.7277769064671764,-0.2715529833640663,0.7952893811631295,0.5712382218924769,3.0,0.7136377688970142,19.692332490714318,0.8544603693378918,0.7841421760797009,6.111293817555336,0
0.5087442765611431,0.8114113452741261,1.1493819849985103,2.06938811427629,12088.99954121951,0.4357010329684765,0.6644714262296897,-0.16759777297588171,0.7426270521244246,0.12631333738090617,4.0,0.3905272146560081,22.904405214017796,0.47404205469363525,0.698054956909227,14.167106832590168,0
0.9199747137738206,0.7455841067578888,6.682336573490229,3.0460597032457075,40319.35424663997,0.06662108643094032,0.717484248158892,0.5570091278016579,0.9073997720137008,0.5974664249954165,7.0,0.7413845563951021,33.22773851474008,0.958482126706423,0.8035922965346568,8.803980703204882,1
0.8136297924324303,0.7300143685333137,6.015084259542695,1.1536002802373042,243073.1518836991,0.06089877976647919,0.6969924846043547,0.3134079972569586,0.6622464269282136,0.35627173688614033,3.0,0.49095417947101766,33.253113648747785,0.8915113646773379,0.6619140738638488,5.944704786358987,1
0.8596338643524696,0.8407924715860077,1.413610196251667,2.090741463964794,13918.107347487075,0.6150229311091832,0.6808697106690327,0.3705712421283689,0.6381943837235703,0.06866651090454891,8.0,0.9100447530530851,8.32680659978026,0.8069505631718458,0.7994982542896406,23.521154870044203,1
0.9223131301292562,0.2500830925738141,11.686284147108319,0.22634694236163427,20217.88775656108,0.6590705038185004,0.7473482371893938,0.45864051794122285,0.9558141865883787,0.21491676430102996,3.0,0.6566963803031587,24.611447208356044,0.49785039530040914,0.8280573483113182,28.60406244892149,1
0.7414322652360554,0.6997376903261218,0.5511476285991043,0.6421979924818821,133363.80819406523,0.05247613820363163,0.7701822433220356,0.0037071353023697545,0.8915318343986106,0.6926003137131217,1.0,0.7243463208812531,116.35706588546891,0.77327865405631,0.8000042393529865,7.180448348079815,1
0.613929266646287,0.8759276145591522,20.28184608011841,0.7403362802632176,20653.642894886663,0.23986019426250973,0.8923327559601153,0.2319879699960746,0.9229883405348513,0.3077657034658632,4.0,0.8913674818114328,88.07687696419802,0.9265871013376482,0.6534450653097308,17.557837080010287,1
0.5021079033165057,0.455841707511804,9.839422516115992,1.0739966557807954,18897.595573343235,0.07227484394223571,0.8262675428865354,0.20087686027923685,0.8633454169671532,0.3169894168933741,4.0,0.566170777481526,109.18110881260944,0.8724493709382626,0.546359622777666,3.5412227147511555,1
0.76864734420722,0.47945079909862176,5.822136448463167,3.9692272159158795,12855.831179829136,0.4463839098665467,0.8617820265065113,-0.2433966400981842,0.9325252804384311,0.6431063918151245,3.0,0.3608538795756843,51.02564243354991,0.48982641995147286,0.6984603280418352,28.17481262333409,0
0.5596929213050089,0.8086639728876598,13.963948027781177,3.110744698172437,43240.977992914115,0.6660327205952533,0.9567866858120613,0.22603637728628156,0.970845095390768,0.7549371167968085,4.0,0.5285080899725698,22.82006829522034,0.7534450460449201,0.6992822158486733,5.944369274205064,0
0.527011589104387,0.5611160571858685,6.406270513521445,0.21671603794328914,133274.4454210722,0.19685019594355102,0.8796263271296391,0.5950842784598672,0.672266005095027,0.5811651287614689,4.0,0.7619656270402996,39.62582956532858,0.4947318652071838,0.8233489791522618,3.3746496519694387,0
0.5443376117267693,0.801003787434222,1.0564269219857707,0.2845443982394244,13777.513281371464,0.2148794921512394,0.7914926008839026,-0.033653295537344585,0.9286637401351204,0.20184209661573546,4.0,0.6846953411374112,50.34437219869873,0.901126616529991,0.6002963632040813,50.629815325723776,1
0.8001799284992234,0.5255155603034298,2.9183808658174692,0.6639108605504159,63821.90700574974,0.09457577603847395,0.8591248120999891,0.16102769949637366,0.8613868099290372,0.2417858960669424,2.0,0.35653548398526747,26.299600252564296,0.98016303850256,0.9645354826805693,9.882353120794159,1
0.6756344003401038,0.7415375212615289,0.3709407770888367,0.5153078349059962,18656.712361319438,0.9122665091307913,0.8357974577448957,0.1826835664043424,0.9758236703200452,0.40149018281900617,2.0,0.6786466143914648,9.903233568819825,0.8260752888512682,0.6038434043362358,18.565574329237013,1
0.6696636749096341,0.6293581105917939,2.4686743832412503,1.4308757920894983,13354.438927496785,0.832397852080413,0.8344638769658982,-0.01386582017410827,0.8210886496443304,0.8581873028385962,3.0,0.8090628569929168,62.41601327120891,0.6708047975593584,0.6815901335317035,29.81879174092253,0
0.5269564320995413,0.7656597474541711,6.766290967157413,3.4961072635458557,14534.037499828837,0.22549970404358535,0.7591111243935693,0.3707604950777431,0.9100470715401863,0.6092112544537681,1.0,0.6562764584518268,24.19180926605067,0.9120551219509409,0.8665648214434313,20.858681435747965,0
0.6058097074088751,0.5421272967721079,2.4424134078646866,4.916806276313282,13817.902010625328,0.49871689833285426,0.6742796845345915,-0.17202625250199496,0.9104820705056855,0.23469199816833008,3.0,0.9127190022111183,51.34032648968442,0.7728017870005706,0.5625389036974927,14.969305225568421,0
0.8309702806732958,0.8219850422247387,2.00458365439265,1.5902544387228708,13693.049690088807,0.4127668441372397,0.8118529662560742,0.6330582074783736,0.8935626038034933,0.3107017524043706,4.0,0.5254732950269815,10.94898621836932,0.8705548984879128,0.8649185434393613,8.362796235720593,1
0.43761837506687185,0.5177929207555125,4.523734625084447,2.7317132274574845,35982.376695518455,0.05849197638826694,0.9715473835165966,0.35048222465289813,0.774646736981083,0.8257083757469958,5.0,0.6917868180674884,21.13347340918,0.8037851813116155,0.48622122699028947,45.133829193670614,0
0.7965276339730123,0.7146005154604602,10.286620879213334,1.1172993754100427,57519.53515162531,0.08487297584917719,0.9041006487822557,-0.27470744026915783,0.9135959078530795,0.3538746828591266,4.0,0.47393037016025763,43.44747838724247,0.9524331885106622,0.358974375559398,2.580149717010434,0
0.8916256557920329,0.6010115041557412,0.24376258525755845,0.3504101761348258,12765.318077662048,0.26762847369584997,0.6803487285690792,0.7792038739545014,0.9203130631595692,0.4293687071661833,6.0,0.4051739310303305,51.50744195587828,0.7465719256689988,0.7641018475510436,38.76251878437423,1
0.7896251042698473,0.9039515827580443,2.4344911917919294,1.1156770731970558,46881.070817731605,0.052590185047784795,0.6273585032829748,0.1672405845046382,0.9194864474159494,0.4612810162484705,2.0,0.40936156936784995,55.923936358549334,0.7619378425457705,0.798780879376234,22.272357903149434,1
0.5740918837206284,0.7916758366505231,0.8613061113348609,1.2147999528807754,137707.87132906332,0.2329011925335073,0.6242513245954869,-0.1891790068940207,0.8673742896281126,0.9613390948355793,2.0,0.7195199742302207,31.55681096576973,0.8817933816793635,0.8394195903685951,15.25060990618788,0
0.7733953051322833,0.6492380924934275,5.943028276111151,2.034856159928376,123819.07573851947,0.14525233734676313,0.6766021536261463,0.5418218099964766,0.9651439957209913,0.605378605751762,3.0,0.582927213544421,37.90141989248602,0.873303587372401,0.7300656765779026,7.0680414820304165,1
0.5804085365917708,0.9544052372507124,0.5587072665464986,0.37246703603047143,54722.73888674591,0.1725797255594947,0.6915836399252235,0.29786860777921004,0.9941873232946015,0.41316282139473315,5.0,0.6845063402797802,43.50090435132524,0.874236443000096,0.8930925986313519,2.8417642407505794,1
0.6584354165829547,0.5842308458925691,5.465255283822663,0.6890356745496926,93579.6656777624,0.15477986148169845,0.8833845196034262,-0.6087838816936154,0.8552165595153416,0.12855252219835556,3.0,0.6695996718867064,41.42054438003545,0.6138186264284755,0.5437071728209599,10.5386099574988,0
0.7356359706310397,0.7430948564395801,1.6856283458942234,0.678899860745544,9161.647092433323,0.45996297647976786,0.6163003845002962,-0.11026412689754148,0.9430571175348498,0.12393926815173209,7.0,0.43793868717425244,49.393872882006185,0.817125541360364,0.6271777812882565,27.56455487984788,1
0.7401269898051206,0.5793056781850261,1.1089524214696236,4.8074444292226115,25932.103087585932,0.14527816733081697,0.4645546909550221,0.21163893488861749,0.8277895783560233,0.26790418388645665,5.0,0.5507666279125333,14.792841979427715,0.8361807945425007,0.7695740916297019,24.61872744397454,0
0.8052818908592879,0.5455969143518614,13.771980702837903,0.8803319961192444,34383.72917617863,0.03942770971632453,0.6914548876778447,-0.7638266710570636,0.6094940916426138,0.08417877008669561,3.0,0.765941872375673,122.03044516260769,0.8158082211906664,0.8016249592527478,18.663910331477695,0
0.6184085566762829,0.44891123814956946,0.09349152782409062,2.1103210230001794,29121.271206833462,0.15520947677709124,0.7800538158315443,0.13402803415495762,0.8445564889566839,0.3168810625514755,7.0,0.8480947800120211,29.109026736814123,0.9050914290161958,0.9108775990374167,60.0,1
0.5737481736131148,0.968327312193754,2.8792859711804404,2.084317747138271,57691.23381892942,0.08474245003467923,0.8264402398807353,0.16319174908210396,0.7747282769438752,0.4150241827898907,5.0,0.7758645568847969,30.987115136609887,0.5394421314171836,0.6306818311204863,60.0,1
0.8938901040906674,0.7356537333408869,0.1093214168016963,0.46293816221832224,67391.50439348536,0.0872282386774312,0.9267568130825887,-0.37339675295032904,0.8339520888899271,0.46315601908253723,2.0,0.6334188390816682,27.011771966668928,0.5864699808358422,0.44405525939098783,9.195007461065542,1
0.772518871450003,0.5790545385349102,3.3043007893503646,1.2724914984830789,46465.23662233302,0.049344000131014136,0.9465534279644787,0.20825795450398543,0.7046400911828204,0.2918116801346916,6.0,0.6933013511651229,38.94798930075367,0.9045115496431089,0.7788685829643706,3.849385579296375,1
0.8573918127041467,0.7226484987554143,3.476220666090109,3.370766639115135,66245.02580837393,0.09614982738415777,0.7142165112020241,0.10298553565001342,0.8307667468325274,0.2809588406581849,4.0,0.6869148517753709,12.065498778110308,0.9103782371050259,0.8415996941274927,11.219749704301043,1
0.8627704960139021,0.7152503193890041,1.9405514255831389,0.9671005437220924,26969.217016958642,0.14297513027871517,0.783676191701826,-0.37651764235400587,0.9453836351010415,0.22084880675237287,6.0,0.6786099650487029,23.544716586822037,0.9212307387290833,0.7189453261786658,33.50884201989511,1
0.45789912843074393,0.9173323703179911,0.7087498066487695,4.35384131467929,43303.86391522342,0.0393256547833087,0.6455838289681137,0.46782421874513014,0.7700185690668253,0.6123645206069388,2.0,0.6054033618096447,8.70871719334413,0.7220017099441788,0.4853319202647634,11.043517045996053,0
0.8598891559341338,0.44102333864406934,2.36113078804164,0.36207246827866496,9383.22092428184,0.045073819428313046,0.44382802503922963,0.43514151790712197,0.8475467545980094,0.08746163796004774,6.0,0.6347359988302647,23.865562664272023,0.830343353416705,0.787007778349585,7.370027438581973,0
0.7102620207161751,0.6287221589596449,5.577718191119772,0.11557931938365472,17645.51895814396,0.3002532275818555,0.816878902548461,-0.01589483474094451,0.9441138561999598,0.6195795496308258,4.0,0.38257791309510447,36.98372868792684,0.9480727464802133,0.9344981495966598,24.33278595090789,1
0.9125713278129189,0.6679029564348227,7.625387512208205,3.330870096057449,65219.33925837536,0.010906945539786522,0.7256291489837693,0.020567470643270497,0.7479826943144826,0.12206583647801567,6.0,0.5046612765954945,49.335535833629656,0.7416354571388234,0.8347438192797924,18.90386652125697,1
0.6140210864873354,0.8538198169748961,3.783104436208697,2.822669359114448,36596.76537062824,0.021149812219590603,0.713007127832721,0.3905055750381382,0.9419688474112844,0.5417877192895054,2.0,0.32358865676575493,31.770322154959413,0.924353609507931,0.8167596622796878,60.0,1
0.9921918831910755,0.37589408927089996,4.455971424176479,7.357362145115129,9123.713126934103,0.5431717624934767,0.7704161776874219,0.019734742755277382,0.7366426481710691,0.5136890764735028,5.0,0.44862825582441457,40.45500099611922,0.7028205211397779,0.6681816267372772,14.343562097633503,0
0.7223459785663235,0.7987141156790496,1.1195715608994086,1.7063110911727146,69785.29219686755,0.12504999478882678,0.794590296521431,-0.6723632802080619,0.9933532611765775,0.5161253303936649,5.0,0.5858134142035752,10.174116199680075,0.6413308945897497,0.878156968964964,60.0,1
0.6369654240031292,0.9458624370405491,1.6936863319209783,4.139518854093705,26637.442316211793,0.144195606369037,0.8943949916424057,0.2947746229599709,0.915165201743101,0.4121547821858601,4.0,0.756120186974029,36.93446070311063,0.8657551824246051,0.5810418019873617,6.188578696881878,1
0.8214123508716306,0.4310078761402294,0.883063079575236,2.6312536127894046,22998.185977207413,0.14978521748258844,0.5860093961842988,-0.22530372829540338,0.7557086181620277,0.41165593778548376,7.0,0.7735956147570439,79.8335474384755,0.9094996323449935,0.8013303735941204,36.02121897576601,0
0.5786486752122131,0.9210870748678794,1.4337149010488899,2.7909538763252213,33452.574097348894,0.6777701145188997,0.6037142366726928,-0.0559372217670375,0.965517949777175,0.3203794278888213,3.0,0.550141952873405,45.81752496154822,0.7208448609290462,0.4280594842836558,7.779730293146175,0
0.4901724750975967,0.9674712719814352,1.273730851336638,1.2629635688518028,13804.575544737838,0.3154402210276611,0.5261465579732811,0.6831482271805903,0.8812558446326823,0.02989227226783325,5.0,0.4185140361157261,19.638740584254005,0.5604463866323925,0.8696032912911151,29.862468764094842,0
0.8715688915615329,0.686263736997143,3.6641073612909905,0.7227854398325462,149218.4812989791,0.06897205260993355,0.8778476690575324,0.04640861039648078,0.9668359668333477,0.6499676491236595,6.0,0.6428032806891317,37.27543588281812,0.8993821756425604,0.7556040333776584,46.863063127885376,1
0.8045383184996273,0.929645762066773,4.1355505404482225,4.089888199981042,48236.042391157825,0.11242676369008783,0.9085728141949643,0.1006939743495493,0.7386432903515295,0.38255644176073456,7.0,0.7335460827316364,86.09077562426796,0.9704638104081483,0.7019067114692705,17.568307360610895,1
0.5892407567600549,0.8763324307560667,14.497332826744069,0.8487602649617283,155378.80610874106,0.1292073608294469,0.8764294321183286,0.303866910185439,0.9082042397789708,0.5550504689492242,2.0,0.622547774315667,49.336803705856994,0.23336586417210703,0.8660343900915002,23.47153124110814,1
0.9230112384817102,0.799614658701736,1.0881106566182246,1.160948226957367,64265.13841924544,0.16402791326548505,0.6498273419877398,0.3021335775496129,0.7992665819178114,0.2718310628881271,0.0,0.7395758908681714,50.28644767722135,0.9343136607303273,0.13066277194045822,57.337807518564716,1
0.8221141772576545,0.8571683839923204,5.131584325334737,0.8861954161122153,54034.93547270689,0.017967326802842843,0.5614566199473976,-0.2676791069511134,0.8887499338506655,0.22476042239407792,4.0,0.495384046045953,19.099405606926993,0.7909703831658068,0.5025395858154545,8.46457201711969,1
0.47928980918624275,0.44621835376042934,8.498434505662477,1.247987499053814,10323.815567424715,0.42659720644007476,0.702639959419961,0.07588059378625024,0.9205506326688708,0.3190845007305953,3.0,0.6247717073982297,25.695670819772097,0.7579560373528026,0.5541938490319822,12.898569877404904,0
0.8549944736415365,0.5794265350276107,4.107647420152671,0.9537475590602669,84165.59466460459,0.15255236275156508,0.7344334067676975,0.11446101117033086,0.9974441247031075,0.20536214388317547,4.0,0.46752150233283934,31.561878590738864,0.9133908352405379,0.824082949495274,41.14167367042874,1
0.8136608242091834,0.8437560678638815,1.471879816503017,0.07373425147347659,36885.929597028015,0.058352943513951525,0.449512521095687,0.2088107586515308,0.9555576705224359,0.7461643720827593,4.0,0.5607428208994789,117.31183700991959,0.9111761039172271,0.7974660595739002,20.110180687648718,1
0.8974644878657374,0.4970801491507958,1.5227865079467335,3.206218640870901,49702.391176161276,0.06778023683136974,0.7337934164988711,0.21568877636664774,0.7895045612319338,0.3867404473473656,5.0,0.4409776401731426,17.48268736232631,0.7507685972528736,0.6640314226141598,37.2282016601343,0
0.6857994475788018,0.5926521720884691,0.20022113670934277,0.8815433146533329,33688.42068221034,0.04888305178699955,0.9212493364006772,1.0,0.8250736639382014,0.6271336504110543,1.0,0.8226807976876835,39.71556337129819,0.869797836782946,0.7031766172866426,17.33402048947859,1
0.6649939812282275,0.6172271413935887,1.8224140633330108,1.3335374484446312,27680.846530772,0.24295041066516576,0.5614711623544666,-0.37034390823489793,0.948762361226861,0.280002992803869,6.0,0.7592735357585438,53.05048214316402,0.6834976452921091,0.5481457834170715,24.228787059442766,1
0.7448339974767728,0.8514032028092963,6.824693701779064,0.22481838002480015,45135.60672957406,0.056650395954622464,0.9772127765070073,0.49203664807918257,0.9708385278263512,0.6645196873484914,3.0,0.7065606046749169,55.658849180374986,0.8916216159259309,0.5207190776818224,1.0,1
0.6071374590367918,0.8863095868340188,0.24341907446091382,0.005090399600994319,23508.46254393476,0.07641359248264988,0.8502117077657056,0.5733503223332236,0.8957752734209593,0.33669866862031483,1.0,0.8045545965652156,27.82931823814234,0.5566129258006657,0.6806456961918042,7.470365556620765,1
0.7128546935752391,0.819833657760187,1.2377914161315384,0.42213275033992403,106704.14783309569,0.090086177814997,0.8025430262189168,0.2971135895694109,0.9504919300318545,0.6538450996438762,3.0,0.3335597810373425,26.356764656066183,0.9575890419302865,0.6712428103529763,26.487124860297087,1
0.6862249036991799,0.3102814785253084,6.124833179161399,1.8290664381253854,28479.818546144623,0.04614948717052747,0.8963114817840168,-0.16012615794922994,0.8390145698545918,0.08846773124428786,1.0,0.4245243346747384,127.65278683352189,0.7362505678035762,0.5008547046842936,9.315503127889544,1
0.7249332627999328,0.7307470831118922,7.63126755962293,0.15669892404052482,13123.63126232112,0.26382264089522006,0.9013139937572278,0.7658672121070506,0.9388095317835953,0.40374683135957534,6.0,0.6657321699800091,27.448432772184987,0.7294847155190511,0.8094746754552942,8.113410624639538,1
0.7732422724408485,0.7164258585691677,3.0377694684926677,3.593489426983693,12122.540943539914,0.6203749730067382,0.8821845592289698,-0.7767931458960793,0.9344760584790038,0.2784448161896337,3.0,0.5725888074267764,24.709826068028704,0.48331868629736,0.7098562803944369,54.49084358234918,1
0.5900522046100409,0.969171746999846,5.987872229054614,0.3631504685778745,19516.83119187134,0.2967255876265808,0.923246853215926,-0.17330667888713056,0.9678222153389753,0.4103837458580939,4.0,0.6222399148427281,63.460039381798836,0.6379849084581636,0.666456692064664,14.475367959114253,1
0.9509901308235446,0.7831504758188931,2.4547242186557785,0.34335317691416956,13766.002078280024,1.0000028915908599,0.6206771852576322,0.5686728788891245,0.8773947017265571,0.671829008857102,8.0,0.5811340805626626,36.22924878711183,0.7999145478113066,0.8810565050653374,3.8484435981750913,1
0.8836832650968525,0.8007416452107224,0.8712505637229034,0.30043741395932433,112690.92011223549,0.030681994545661125,0.6137208640621624,-0.04804464136900716,0.6883029800964228,0.371858232879817,5.0,0.8883239325855962,13.322315891981379,0.9391364151189563,0.8277381034163395,11.503591604076027,1
0.7565658371349349,0.7156912995028678,2.5387309631149364,0.021120566803955045,7946.268932229343,0.24743962307569883,0.7966342202980587,0.7385858099200743,0.8332882296135596,0.5080271126738517,6.0,0.6935241763170791,65.73624935724122,0.5484762054816752,0.37781484583495867,13.161686879021435,1
0.4452386687079209,0.8913075678703527,4.337119760379149,2.216335208061464,20022.586962493267,0.6971561739745408,0.6267480605954854,-0.5047218978713602,0.8722041987737457,0.26940648993874616,3.0,0.74543233293813,25.06834195557887,0.9489343400046827,0.5173239510787453,60.0,0
0.8598122444003292,0.8078508079889152,14.787683683657784,3.1195767447089304,7792.4790044869205,0.32656094104897654,0.8919826290481506,-0.3448407575792033,0.7460135182578886,0.4535762179444007,3.0,0.33723461379090197,24.879542754781735,0.82752161261385,0.8233136015656299,22.799286328871887,0
0.5978572037777943,0.7199942536168762,0.35614265832996783,1.428509261618613,55740.51219253925,0.10085624923265955,0.7799409234650182,-0.11265526805078996,0.9588366971125165,0.4399556919612473,2.0,0.7047867623807663,213.18452131175806,0.8073464597034586,0.7754812411567678,13.189038999327652,1
0.9631080921739555,0.8260945711489482,3.5402290180453573,0.31275187801505333,44049.63603833562,0.18337885526905634,0.8375023880795417,0.2669597110146115,0.827797473076816,0.3297446146696821,3.0,0.627785561378577,28.099333574790403,0.9738806600980875,0.7044573531110252,10.18111670209629,1
0.6927515973569838,0.75993400259184,1.994332967919811,0.5037924282051829,14012.31223338827,0.7830338857335077,0.8830296868051868,0.011191939847990814,0.8381087502744234,0.6876703841819342,4.0,0.6953646971579376,34.71383337250988,0.8638989145536758,0.37628871547149595,44.47699284543003,0
0.582561015078594,0.9468589754544118,3.5495514410209457,0.969185570879974,14519.03477771234,0.25612992331507684,0.935558153809424,-0.09615970102496843,0.9855677013971917,0.16366326082727883,1.0,0.5876581618161824,62.75509252126751,0.7724338809871266,0.2957379891586041,18.68925471308171,0
0.6589873436519191,0.8271995382958871,0.12133768254478235,4.629994489383849,18429.514145391197,0.29112531962597293,0.826199147572404,0.6681585724394096,0.7808086812629703,0.4171483286701574,6.0,0.4592200425556792,17.24538651789795,0.8079380979882587,0.7606280618096908,7.923443881967552,0
0.695750108097121,0.6704523956099853,1.8772894692390283,0.42623518399136673,69725.54433276423,0.03797419030896646,0.7822246690151279,0.7053779901556604,0.8925468864119898,0.7044025275354748,4.0,0.44799358494846075,48.95149337784462,0.3804183101655546,0.978229679113031,11.246361446801167,1
0.7096751773921168,0.8288165979333161,8.570330912551547,1.973171874793554,15255.904961566968,0.6816345103498929,0.8115435515499269,-0.06575190628302222,0.9406403847663597,0.6424731431845951,2.0,0.5411379326916449,63.232839937540135,0.49555005402098423,0.7160369179507038,5.86625373299156,0
0.5787336254906948,0.6238828766342115,4.036528469567055,0.8682504972139837,144328.86860112273,0.047279440281935675,0.9175595466737408,-0.5839071229318651,0.7794138723907675,0.2556155303903488,5.0,0.5047975978829999,83.81079589468587,0.8972109227281022,0.7035234876207265,58.13371264504348,0
0.780303295944388,0.6856098859213948,2.994483199111675,0.5304066691756317,28386.999387167965,0.11853401950320312,0.8492329553417691,-0.762993531674952,0.8959653885570964,0.12418960497617396,7.0,0.7025309416931073,52.54124788642527,0.9433858692256007,0.9097152139726031,21.788595557877777,1
0.7840919500647555,0.8752597306668105,1.68103686051196,0.9129772747971969,19426.554437635,0.538325718309745,0.4014736188091734,0.19571604591214253,0.6763867632286339,1.0968034423352782,3.0,0.8302109579832448,15.279633712648712,0.7690025172335112,0.7353228751207881,8.965279445559784,1
0.46772190855120993,0.8109588427406655,1.7694122528392575,0.11080362167921551,35531.64909215128,0.10091180165315952,0.8923630601480657,0.362382248887519,0.6314410149904768,0.8028634421723974,0.0,0.7403790090128836,44.94264454251094,0.8381985110394619,0.8194095976564962,3.6427891663434533,1
0.832918451936137,0.7056574097353917,2.4152533331571666,2.404344316125335,19134.46322862024,0.3491775663568707,0.6371845403933062,0.12519911423141833,0.828444816859685,0.43222098950167526,1.0,0.6683572389939957,12.915995306483511,0.7199661759758267,0.8093760596656887,3.506800824013238,0
0.6573157909640133,0.5252300158741373,9.026373244983203,0.4181864297516643,51844.12677904969,0.18289671327992113,0.9392510490081116,0.07163675716769662,0.8706877497929312,0.7724498972051452,2.0,0.5143235990731431,78.33713852481705,0.7995766786974567,0.7062510025794065,11.692691634649583,1
0.5768936680981216,0.7777182117850757,17.088647456347466,1.9387259027654935,14631.521077390224,0.15372835411322924,0.7843445016914877,-0.22181704587763304,0.9760251077215965,0.3099196977107918,2.0,0.5565772252861514,70.23982992638182,0.696752534512328,0.7205375553927807,11.34536948597254,0
0.7204084751302061,0.6864373317707485,2.887101342836807,0.10619448492091899,69467.06489613785,0.059735468552564994,0.7733115858243655,0.3619919175655354,0.9507307925311866,0.4440470207572651,7.0,0.6693264142775258,38.756679734515316,0.8976659684968302,0.7950153263579534,9.736591203879023,1
0.7622298776474804,0.6567883197567269,2.4990396993915516,4.654927992127062,56323.783509278466,0.14949231588660208,0.7943868252992425,0.771274151559564,0.9956257091823955,0.6335080871513823,1.0,0.5910693141618016,37.668816555235615,0.6643412936763851,0.9374740000980647,34.36619843045615,1
0.3558593807034519,0.9275617996320366,9.371927768885447,0.32167527024083703,157315.14010015005,0.06358064393443226,0.9157225789451976,-0.7867510709342224,0.9163939439078025,0.5254317022168529,4.0,0.5030437364216903,32.94013185562227,0.6674232780204501,0.6577280855245337,60.0,0
0.9355715935019361,0.4770859105742661,2.7835217071274787,3.2150689404236816,12620.483660913791,0.09195657014380715,0.8142558651726941,0.06899952448491388,0.5736130869844243,0.28010820416501275,3.0,0.5550147156926122,32.505869715263366,0.48802187742332465,0.5586266469993114,7.888155287930548,1
0.5677475428933332,0.6202721598365964,4.015013052748974,2.4869436935447236,9611.577515991583,0.753325300658682,0.8253595320735043,-0.28813933976544015,0.9290483505400712,1.0622715034446741,5.0,0.6118982151727722,65.20134955858734,0.8651389523474179,0.5729188498928142,6.282096059579822,0
0.7087476081688654,0.9174558359147428,1.312942267871794,5.156477334831136,32071.494968338935,0.04877013920965982,0.9940532610705,-0.4961863976215407,0.6329710432973857,0.2740085418348198,0.0,0.7022864291311818,26.629124901202875,0.47751591046924663,0.878655217463843,26.462839453335334,1
0.6905777248621484,0.6150913974635859,6.803182502492232,0.9748173768657067,111459.40363780397,0.059010722505110726,0.8967672526311709,-0.3519903483137664,0.8144359480657168,0.9286767850026059,5.0,0.5653046599563964,153.58613417651358,0.612960461128224,0.8968120636587529,10.75429092995616,0
0.8158923338265655,0.5489793526428729,3.79631011208071,1.9496097488571635,172758.38031067353,0.056112961951509985,0.6120421536738966,0.2518691422737619,0.8034095619968614,0.6665889852837553,2.0,0.49140695646707516,37.38036149939813,0.8746995189001706,0.5267801154340971,4.416282341876127,1
0.832754065682107,0.6346594861716802,8.278313793045015,0.6947461850130336,16472.240950867304,0.5339594212927143,0.8384855638271717,0.2619848790364664,0.8664545900707454,0.5113847844317374,2.0,0.8234432960886192,78.97007212175743,0.62764288982106,0.8226385393690253,3.592746669255077,1
0.772423403588589,0.8857062375584703,7.587319412167992,0.3056884469323174,9073.961328160192,0.7328535012551836,0.789236515210411,0.68411510446992,0.9620920465192158,0.5349133926381537,3.0,0.6012907240765819,10.397362741138158,0.8360514528487976,0.6354238077406231,5.927272764566814,1
0.31531429508231734,0.7633403535508828,1.2103881772375629,0.8779895597753449,53994.95886538208,0.07872561520770532,0.771108023248748,0.10351261885818452,0.6799800354465599,0.6451469214851359,4.0,0.35120305658491635,22.107771097929486,0.711108840686573,0.8120266368524703,1.0,0
0.4574135770769861,0.6357641788039666,6.287492954138187,0.27183147167363275,19787.21332949912,0.23829663551273988,0.896550224939341,-0.6032886519478314,0.8252998312975274,0.426941932751851,3.0,0.7065980361250624,62.89565285904662,0.3811838304887275,0.7306408601456199,51.075568984431385,0
0.7882463201531409,0.7498505140883278,8.04854994600242,6.029798464036027,12536.616136144297,0.2266248298999573,0.8755467365031826,0.004732183049611344,0.7760384202084657,0.35945769382424464,4.0,0.5132609042587035,41.508058703145934,0.6952886947078701,0.9034476982415565,10.1260015026513,0
0.6898415785284167,0.8954207465225513,2.1240595885104168,0.15179793444221368,8507.46253694658,0.8014414107235813,0.5415144598900137,-0.4545516288863136,0.9807234670184631,0.5079009660695312,6.0,0.8139569606962188,33.78120813136746,0.6585583009567884,0.3310727025181493,1.55666087604804,0
0.7419972540148573,0.6293294536212161,0.9473901945859451,1.334516009156594,43805.00292435567,0.2599559461880099,0.572989943849213,-0.382718354568802,0.8979999164598282,0.8627802798731063,4.0,0.7541033250075875,69.52907475500244,0.9565276205504649,0.6538912548249853,3.24489981868225,1
0.7870184664296968,0.592900481589481,0.0131781289592452,1.477110759014951,127338.48861803398,0.017420842751781112,0.5945265706466569,0.33222362336259814,0.862448039031822,0.25355458300444056,5.0,0.8219003561415763,146.0925213211352,0.7824983133427045,0.7216932783941313,7.030495989457294,1
0.8193456411207575,0.8077964763471907,2.9974067879675195,1.1585438601698095,102508.71301389666,0.04963969002401463,0.8496391345827906,0.17767236223776803,0.8292878060149289,0.5642380936481473,5.0,0.8312349522176801,14.746269486890373,0.7103753252578957,0.5969759339832007,14.441024108913984,1
0.8509315479167558,0.6782322753388702,2.172663006446418,1.6278892387629837,39921.61438027713,0.030315519793566816,0.8755045299592014,0.3350262381741323,0.9309741841053858,0.3012708228525808,7.0,0.6537327628370314,66.72806012257693,0.9567033444059209,0.9572827980724194,21.895867674361444,1
0.6779498986008292,0.56420128312281,4.047391983618115,0.18525410081484683,31710.63170366745,0.080646788200644,0.8716556838269859,-0.042997138908691196,0.7437526245875687,0.33579980680038246,5.0,0.3711422165605777,24.29706675680615,0.9143123125708305,0.5666473073458572,6.623177427085885,1
0.6777296586798863,0.6644793264161643,1.041527733687269,1.2145839376649439,122545.79540077482,0.036203503188379484,0.7247707433843539,0.41621182537014245,0.9571003993491655,1.1332331155145248,4.0,0.5258197719537276,60.24247876724762,0.7782700861690517,0.875312588927201,56.89792303050897,1
0.6672878953710359,0.5481154787472411,9.81863380063279,0.5078580588641831,15570.805917479545,0.46498598523973533,0.9096868967192506,-0.0653611593160445,0.9257421975366895,0.7981861492668123,4.0,0.7669670152156117,24.098938519112796,0.4586908768153188,0.8164908540366629,25.711502327658355,0
0.7501365198951496,0.8028569321780248,1.490380960719189,4.224524128304059,38560.706061008044,0.22910900396198378,0.6536072793259583,0.5466731330968989,0.8167293290928404,0.12196437679241537,6.0,0.6482963719262937,47.969361999245685,0.9459802636809871,0.6978490177276746,31.455794755950915,1
0.8344029430706337,0.7710827761107304,1.2836930240998705,2.1536785732688797,41681.8627422935,0.15001460262117797,0.5716830003669403,0.23785557578861702,0.7736434068925481,0.5884525753977694,4.0,0.6966123692985507,51.12054970973354,0.7006314259372388,0.5675571749562388,7.03868780348078,1
0.7941385166498864,0.9383679973733711,3.276502983183879,5.391144055523056,6579.579136119275,0.4785545205219142,0.7311879019321635,0.017201251806153006,0.8872813902238765,0.12234323429316202,3.0,0.6095120799089908,20.337031734833708,0.9599455561717232,0.8135047474172139,8.632572048509992,1
0.9477130011861453,0.8594586802174443,3.454259321517398,0.05741920318884837,32890.833459439214,0.07872248532696434,0.7653897269207137,0.18483721767043876,0.8340356717808786,0.6676251578029042,6.0,0.7137458938478061,23.744994869189448,0.7041564396064411,0.8697183957255171,13.901834325619083,1
0.6581810636175892,0.5883455393444762,1.210900693974088,0.5034885189457323,19090.870169975897,0.2622326888889339,0.8118384784346597,0.09285571961003292,0.8732559636985463,0.09127983729579767,7.0,0.4205996474664404,29.012401197458566,0.7554535597548304,0.518312740178011,10.816688796500028,0
0.9545123320283492,0.5152390994503011,1.5863146982017273,0.32615713761760756,50336.6144313639,0.04134585027114448,0.828221262900789,0.7384426061251692,0.9761775738861981,0.07214544465175389,5.0,0.8608167496881044,10.615455469842233,0.7769430436872587,0.7084974349510857,5.417259751120633,1
0.5179422310125776,0.5350682113667775,0.9298725384429419,0.01682589939293632,11898.65728510063,0.6292939452131677,0.6932546771324396,0.19817504903151567,0.9454067402919889,0.5485730798290576,7.0,0.49561404987059304,45.49545583828417,0.7956091463071332,0.45468534505657354,60.0,0
0.6184026207027767,0.6668174881968011,6.337406894836772,0.416252563466072,37010.169314001905,0.37420254102509426,0.8210616212807181,0.0993549310421966,0.6223364476658563,0.22551514918355167,3.0,0.7758963168087738,92.84566515926181,0.9297056820196279,0.7167846448916905,33.952140343899245,1
0.3751187798514511,0.8631051580286453,7.350315687037998,1.7034247928966129,11527.834261615442,0.020595847944252926,0.8357466040726788,0.004603657179680282,0.8806160587514478,0.8436080477333083,3.0,0.8383415850376381,13.715888314724372,0.9140151821981763,0.7103681885046471,4.892258071988427,1
0.5532262324336737,0.9591505276007669,3.102537476897011,0.3941699244413043,58373.997615242246,0.10156668061626545,0.8453029276232771,0.43727368769800445,0.934120950200985,0.30423871311902206,5.0,0.7236922346408153,52.49556493207943,0.6605597545219687,0.4556831743446428,40.12777990994569,1
0.8223555461116764,0.7278006242320482,6.260338947928953,1.0669772527326689,50215.45866750341,0.09594918172533715,0.721234709472371,0.38316533562140187,0.9410248808616313,0.5672296912963292,3.0,0.5897988705610224,42.104706543124756,0.5646531767204869,0.5776605583033323,15.91256904442413,0
0.7056585619917826,0.5501853844461739,6.657807391335185,3.281450627069039,35760.48587493893,0.08751665157632676,0.7597304643782856,-0.009536652125051254,0.8899001276013155,0.5106498500564309,7.0,0.6842272362955639,20.440739849067427,0.9289738724189692,0.7571801527521675,1.0,1
0.8359847468721449,0.81739372416179,0.7440984854536336,1.7750690697329463,50708.961798375836,0.18476168007178406,0.9269769049953867,-0.36225660584912356,0.7450582839650421,0.19153930930761892,4.0,0.8351537022934431,138.19010103475503,0.9657032488573835,0.734479668781951,7.647829626343751,1
0.7358511861443784,0.8605942036942265,16.933222674632965,0.7528708518474498,22267.974421456238,0.08807484384050643,0.48335520440737056,-0.2607872553513415,0.8744337932662197,0.7328537099537622,4.0,0.7150591819664964,74.0974938808262,0.7406223068539936,0.9119048852721198,1.0,1
0.4650201832177082,0.9224175957864069,8.602739822345336,0.6989431641894147,11516.232924933467,0.8084656966227475,0.8266530818484854,0.026334984183121565,0.975414375306441,0.33794061683816257,4.0,0.8405898329867262,78.80548704731977,0.3519082601187674,0.6885187204281294,1.6535467809762505,0
0.6804835659532997,0.6954020140841422,1.1438182048445178,0.9124807709930769,19953.79651808651,0.2828371484365992,0.7351898431899032,0.6395710024476332,0.8056064457094398,0.5030528864143752,5.0,0.7850735397482435,34.06794195112522,0.7766990535043665,0.49302431456160195,3.5496815143934786,0
0.8956246299198505,0.3121664805139542,1.0299884007613223,0.2922741498451389,17093.973717910878,0.772554959103707,0.55028685512435,-7.065169876555033e-05,0.9327833068854164,0.4058213072306843,2.0,0.4835382388872092,11.487842147582922,0.9027419424098316,0.7139226463081002,11.923584791894571,0
0.7396724468894801,0.28375139287438766,0.671436365891786,1.507686063521946,9149.814780366407,0.432360338933102,0.6530334800617454,-0.13764944398622578,0.8835326105130414,0.8318122876565309,2.0,0.3171731218223678,37.33263892534387,0.7077654182523324,0.918575287402976,8.64209743974234,0
0.7315375249525915,0.5541108515760089,0.7446963623142673,0.6791955391879219,39790.12164100372,0.10768452560232124,0.771632435353181,-0.6042877252994586,0.8784978739894941,0.9168523173483483,5.0,0.6616401762060362,30.337020666390803,0.4861067216284888,0.7404545734998386,2.904095737439308,0
0.783498847392359,0.6964886425619813,6.894842286584781,2.8695219499058613,22065.36729755827,0.5428322086866035,0.8950681441894532,0.7054165742409186,0.864435957761886,0.16310006826733972,5.0,0.6584126645451354,67.71437004533601,0.7451324424837226,0.7711197470238198,9.032260615121258,1
0.4302417640310917,0.901896436300885,3.171130698732136,2.119281934378255,13321.903467833165,0.7902377966685851,0.7126014234100218,0.327611258392584,0.8418145727884409,0.24880058799038224,2.0,0.7312196243258345,21.890482515343507,0.6790270071023312,0.8281327202908917,6.53208322083744,0
0.6491258137662925,0.624713260634122,7.63777310007118,1.4143878174824358,52777.38429941303,0.2189418818314787,0.9026778435919567,0.41840398800234313,0.7639010091182332,0.18979761828716718,3.0,0.5238982666721295,84.27191801243684,0.7174685357869998,0.793304726170595,9.502147444510552,1
0.7153084632180806,0.8933109989515975,6.857125184458923,0.67931208951421,27733.057408454475,0.1481350749772706,0.6131193855633751,0.48467522077174996,0.6696050945559954,0.09893000135893398,7.0,0.3240685302709625,21.438470907314567,0.882937719025776,0.4903265043852328,3.4041179089481717,1
0.620086864006179,0.8145143594963011,4.639447611455948,0.3534540723342712,84634.28880366666,0.06850373822622655,0.5102433803588561,0.03410790849641471,0.9379033984894777,0.2420852686164468,4.0,0.695022621405915,54.274560689725995,0.765775148615575,0.7329188399717804,16.935621970431704,1
0.6449611937281325,0.6318061546353155,5.797652560254037,2.2451811327095603,43457.29392505377,0.2697878254825348,0.5882262776287046,0.13383625349901415,0.8435258550085729,0.1287788724726403,2.0,0.6596234776050481,19.63278152454169,0.8284663135366006,0.6399776156352064,1.0,0
0.8697915983170031,0.8270735688006766,0.09263140519719607,0.999492364301187,45131.70760760024,0.02910259790530597,0.9790412711814076,0.6954407767807977,0.8963522754345481,0.5850667771461457,3.0,0.663790818669167,32.24196220643255,0.4961492882766126,0.5951232105214646,8.83480288144809,1
0.4642340170936248,0.7732231850870134,1.8682165273965856,0.38185465537020125,46434.81028059799,0.08972362488128123,0.5998494384891808,0.1718323557276548,0.8129201601625001,0.04306836029054521,7.0,0.46859503836036087,13.027728012785992,0.7343772091675137,0.6378700351484758,40.54872056661607,0
0.912875223204154,0.8811782502352599,5.078099851243767,0.325694907278695,11092.808964654385,0.15259408731597277,0.7475145002268762,0.3350101160255978,0.951095944796093,0.2103783316523387,3.0,0.8620231169117348,34.845857575003805,0.6271949968010603,0.4368822150964548,9.794859242460372,1
0.9086262162647987,0.7518698360449738,0.046944457554210124,0.27120569186939447,16504.209957133477,0.08575221563575852,0.713567441191785,0.44822028688020465,0.5214822995490388,0.4343611571075548,8.0,0.6738427726165614,16.355890457197912,0.7999389001994968,0.8498616343188089,10.471478675806393,1
0.8802119906831427,0.8086347977171185,0.16766470336012135,2.2519599327690925,75387.02978140928,0.12436196696337515,0.8074542641128474,0.3571725329690575,0.9520968079250308,0.503968814046753,3.0,0.6425246826672284,48.83621207426448,0.7089150163922714,0.7589909628511995,1.2677715030807601,1
0.3453881891265214,0.4299921968369333,9.548932081517485,0.3900754270130486,9991.58875282383,0.8397023182343335,0.7973500709744759,0.048732331893402495,0.8774703529625832,0.3934428591027553,4.0,0.4163639002712847,53.92191151324624,0.3637735044400968,0.985182370769926,16.73625969311017,0
0.6080869214140047,0.8747790852827905,5.76045872365548,1.1218557936768305,160910.47828229127,0.028718953484486626,0.6752848937625886,0.08644646287443217,0.8497526286513307,0.26728432598481094,6.0,0.6033191129193634,32.85274639635675,0.8067711947175766,0.4415995733975613,49.593344904431774,1
0.875098295351238,0.7563568106719536,1.5419397229723182,0.900978789052846,112172.12669292533,0.1449057585421868,0.4518999765830994,0.41105617519037685,0.9438984964814517,0.3921947759157093,1.0,0.24488994617611573,20.958544470480575,0.8535548302510763,0.9904421820953219,6.20569888692364,0
0.8596051666612778,0.8348676585730097,5.823164980405658,1.2998618492515004,11652.089805844944,0.4174824367379944,0.9354056350603728,0.4104011439738905,0.6458732109390716,0.34710889251280114,3.0,0.4919949854106227,43.971983048581095,0.6538401882273327,0.7523102934865654,8.993540726573908,1
0.8062165152820358,0.5875724363469984,7.862075688433617,3.1452466048079235,16521.658367439344,0.6994271968056497,0.8816514104280755,0.5672930396077848,0.7173749084287904,0.6516608531473629,2.0,0.686817207618325,64.41654310995906,0.8679710737622217,0.4378338055284067,15.968083429177085,0
0.6555640347398485,0.8880105434170363,1.8321423703721766,3.03456221056011,14407.707399632747,0.7069223590078486,0.9154115195704051,0.32043879332393543,0.7675515409812006,0.2974398934376545,6.0,0.6455836130494023,29.40236412955625,0.5539992143685748,0.7434939343823235,1.7612220171457142,1
0.6970761135625658,0.45061947375610517,0.18351379231351433,0.8996931171263081,19402.273946358535,0.7250280502737337,0.6314569364068905,0.3386422454368219,0.9851210150153462,0.41098533104973,2.0,0.3769874727015401,24.516840337682833,0.5230157268984048,0.7239448588959101,54.02551287981865,0
0.7108193447579059,0.6667913855124249,13.49885717582647,0.023228302668536246,23675.434670660463,0.5346833802168481,0.6028043935580069,-0.07849334671377875,0.8732827527661853,0.4318809486698306,6.0,0.5545244948624791,13.706796148713337,0.7566329598205912,0.8484986567769287,11.346371007482583,1
0.5167642501025858,0.8964576049765773,2.1169732166470743,0.8338490436117869,87305.24973946011,0.3265362464298276,0.8931646945740757,-0.13245980442876065,0.7729906904210642,0.16287625340542852,5.0,0.6892833386018767,38.57039683737037,0.5981323566079532,0.7364679555027449,2.2009762513935582,1
0.7437925603455852,0.8673906642410062,0.5629426708266091,1.3978435531569116,110689.06587518052,0.23097225483751527,0.694295695846021,0.4122522697405978,0.9400628277900032,0.4002554232290181,2.0,0.26100692079460264,69.54677441915618,0.6606153792806985,0.752828857501866,7.349580667858301,0
0.7161724123301272,0.5453972832512601,3.384960609307134,1.2238699788715652,58792.49652317727,0.14391598263274427,0.6021721006115139,-0.12967402720655002,0.9503358596357536,0.6222897157244294,1.0,0.7432131888599377,90.10645728209843,0.9374899747032214,0.9136698897001475,8.42642722197475,0
0.7110581998890567,0.6609553055093229,7.315181517644781,1.580470312024232,16271.515608512658,0.5454732129425417,0.6527465234775072,0.09171959875325521,0.9040620566353841,0.31184116518519456,2.0,0.6230859355918296,39.099854025149014,0.9730222330459415,0.7757644300251121,7.626538712365518,0
0.9332540512577923,0.7919268829976335,1.2528776720497432,0.2509881625089177,30129.550614264324,0.2842848262522592,0.8817552267604791,0.6516092963885163,0.9454932091614411,0.31630863740804255,3.0,0.5922905685767931,12.418841220374226,0.7781691356807752,0.8011129993878229,21.269453351846096,1
0.7038485513235125,0.9400767392962003,1.5700621362952063,1.5599566318684706,48698.325782816726,0.15001985258530706,0.757065996609563,0.5882281169380356,0.8792451809346381,0.06830766832462737,6.0,0.5296401868695869,23.830788912296793,0.9706440596866529,0.5292529586069233,7.630476590206164,1
0.7111430755128064,0.8875430017008521,1.3900779641789458,0.3025347896474666,120865.59350584475,0.09311801146497921,0.6261087313792562,0.2207155323188735,0.7153905352367248,0.23799559200174253,2.0,0.7028295747525163,75.14060932327622,0.8106343353317703,0.5430339074085144,7.044231608135438,1
0.7626753775075157,0.8207081059377743,23.941291881859378,2.0825887251404067,231147.86628575862,0.07149398078044207,0.7129918588298931,-0.018455831933484074,0.8804559016207357,0.7398811033504489,5.0,0.5829112029660177,58.87864817062069,0.7678988646973901,0.7132843937232487,6.997294176255071,1
0.6172065608686672,0.7271483201553214,1.0995173660208828,0.6212009916826894,54079.45642620278,0.0386998813347304,0.8670012972089866,0.05064843586259812,0.870604241173132,0.19802250562124354,5.0,0.6384424596921098,16.0610502511863,0.8000069703277808,0.5755105130865262,27.079123841323863,1
0.8589308709779623,0.4838588295403658,4.284454498633763,1.8562707696694274,34523.1982164189,0.20863388208544362,0.7801634671171861,0.4470640564222459,0.9520228632205625,0.416481711223139,4.0,0.627376107829757,132.11340641134538,0.8970188288973484,0.8569498687378081,6.636974531837882,0
0.8197186967153891,0.4403659146076873,12.969009804534561,0.07357361480363794,63366.14361385589,0.040101354707204474,0.8201357537062861,0.08540028902153377,0.7082010457562539,0.29666596365165177,2.0,0.8582647226808106,15.523568277447652,0.80862952017326,0.30519457518276505,1.0,0
0.9024428851852386,0.5968679856546172,0.7943724156473632,0.7860183431817616,22103.401038182663,0.6038139062508797,0.8345005969565207,-0.12331295720410562,0.9208068611212883,0.15864327299812953,0.0,0.48937947668735293,25.215379934566492,0.8295299433243934,0.9377063564927209,8.189520680048009,1
0.7798648952108549,0.6476796160376396,17.677221928697474,1.831345431167549,34928.80557259713,0.1977910635128826,0.9346375173106845,0.5863099025631896,0.7938289215995278,0.05710100305128932,3.0,0.6044188959186232,47.09454666557776,0.5746936222519892,0.6194088729911635,5.869056560167191,1
0.9676736643950973,0.6206916328992986,14.73254286407794,0.3859631046639816,14976.844218671064,0.3895113855527485,0.8092153605055945,0.17264005565171248,0.7516281554339826,0.4672434131273223,5.0,0.6100316239912721,31.324203230056824,0.8779026662789103,0.9142704406698284,43.14753640073202,0
0.9544251934702082,0.5302308769721726,10.795541039520485,2.379219749383169,39222.2136321724,0.156476696363515,0.6243397789110677,-0.13090232839669855,0.8714888178656112,0.3429319015733343,2.0,0.6943452777268433,26.376567135107816,0.7838019968451766,0.6203509881950232,11.698343410639094,1
0.7783322848448733,0.37849350920365665,1.2075338986895965,1.4945428256671234,56698.21689833617,0.02305013105300984,0.7455996153530622,0.29157607557305243,0.9857382528679136,0.2707067768761383,6.0,0.831059918151513,33.430593738219976,0.790376520939576,0.81091935489926,4.811840647169754,1
0.9471859369974419,0.5421428821963367,5.026361915777263,1.3285032526309943,23222.026054323906,0.8033643770497466,0.8168642248554712,0.4884873652770033,0.8430101259608886,0.3293268739300539,4.0,0.5767745529941549,67.88313669021863,0.8689485169342684,0.6234920699592594,60.0,1
0.7489122125751894,0.9901003480838929,7.154188710445557,0.654386476260484,15114.640922609618,0.9040755817401549,0.5971708743798407,-0.3030692259151042,0.9116800014059444,0.019849856236452544,4.0,0.38563117146108056,127.24725359848382,0.8680955560116979,0.760692030066172,5.100307945202093,1
0.5970994902997986,0.8239765433857025,21.353474064730488,0.9879779717971291,12985.75861260125,0.6527404498148663,0.6848029303839203,0.019818434658826142,0.8852980522967153,0.4261130077130648,8.0,0.6660625619581,40.9540285257564,0.8060774906771796,0.725581629673037,25.91634637814777,1
0.4728022287157215,0.41470054681618934,0.9948396426841888,1.364528767032121,8556.932637594002,0.3312234578985343,0.8323056830565112,0.0013266529646351194,0.921943912363372,0.22244457492219308,4.0,0.5005551123999026,21.326442013621232,0.9418137103249958,0.8299138862610074,18.873702059048515,0
0.8570246691973386,0.9197147211996719,7.262724257282514,0.9593018913730442,14358.464030211813,0.4713217927812232,0.9477153224919557,0.2809148663133906,0.9475228279947878,0.8383354710935793,8.0,0.6041333454120278,35.64476104228579,0.6855901689501985,0.6591518378035718,11.165773913701171,1
0.816611210043672,0.5495766212673947,2.0685034121829036,1.7975494450068255,19628.081684816847,0.18768671986979948,0.6977789390612119,0.3528033291439433,0.6400245084364256,0.4261167798809086,7.0,0.4497396789354739,131.90978310772502,0.6798507091474184,0.8987019068186372,9.370771073139068,0
0.9001503280728268,0.47335855141881633,0.9656576665250725,0.8529388353128959,10714.681998218683,0.7817500239477472,0.9647854692996042,-0.12058956451179423,0.7173564218829614,0.26316846830565005,4.0,0.45899955949097215,58.46969943482056,0.8925104915883019,0.869395851935195,37.05691694386953,0
0.8436074344585869,0.2758299785540607,2.7355201725506713,0.3389836097275689,6730.93630666477,0.5121062126896992,0.7639059474636678,-0.49710047036241,0.8524796558471825,0.19593116124901316,4.0,0.46140570471699693,84.57779003412182,0.8179777583723453,0.7631342916520022,11.601251269008282,0
0.4627478808725205,0.9088526805715118,7.895414421483306,0.3610713664518215,129762.85301279383,0.27438917177788674,0.9803733980959242,0.5127195018397603,0.960569648258518,0.6284494511009683,4.0,0.748815624050759,59.23120034045043,0.645085620775526,0.47268162732698343,8.470353876080898,1
0.5952611891549937,0.858298066150418,3.1260391537317433,0.008731014237755552,17152.096220487365,0.6598978858216414,0.7450372713014887,-0.34797810823088515,0.9089289718964725,1.0378139067976222,3.0,0.3874328400230842,63.973022022287,0.6866855528437942,0.5293175019916081,7.872176957456972,0
0.816842988028788,0.73941717147013,3.8557933483099456,0.5370660687224307,13727.769686180793,0.32363813468996894,0.9389991289953227,0.2084736820175509,0.8506814048504547,0.7597603976621314,6.0,0.7255012231941977,34.21920436207702,0.399910011855973,0.7938450412829782,5.810068609289181,1
0.9723275856820655,0.897910268936181,26.653593530993867,2.072961402132288,22366.010258246315,0.07607167511644129,0.8487901149445479,0.04720764050772709,0.8947640555221782,0.34195534464794086,2.0,0.6834456854292367,90.79146056313108,0.7894843016766976,0.8436066834805664,9.465869731270907,1
0.9732756598478302,0.549765435506955,2.546711119051572,2.3710039065205053,103615.49817442536,0.09943597760632072,0.6979621078904148,0.16497756208163009,0.9130217979658422,0.34986047772326667,3.0,0.755851312764058,5.0,0.8617883269377249,0.8302994429182614,2.2993232412663427,1
0.8030854144611514,0.6747891464155392,4.777767040759498,0.33934911837732695,36678.02449270116,0.05845363699983944,0.9364916531567964,0.7604935886827433,0.8582898039444798,0.4522824589958664,4.0,0.5810610233446241,49.3197732759739,0.768696983848132,0.7157594356607437,1.2121261950299307,1
0.7078697236867683,0.7790099572511235,2.272574617641378,4.792885324320694,24694.84919946776,0.36833370634067625,0.8387360158510927,1.0,0.9604141759726987,0.22004818338390408,6.0,0.6486176558080372,46.29608062514363,0.8156043258693865,0.5994293435563558,14.035035094048954,1
0.523644095933548,0.786637741573654,2.494367070320089,1.0469465272198988,34177.65901162251,0.17703810331072103,0.8286119232799,-0.5533749645594435,0.8262493207619985,0.5140354485646005,4.0,0.5858381040227497,18.034332977553422,0.9062536654976997,0.6741655769173199,10.901077352714564,1
0.7296910856878117,0.6371005102330926,5.947732715920999,3.7329880020532302,33808.5281637221,0.09417410565592038,0.8707817304861788,0.49356246213316946,0.8987711373930064,0.09624124370459959,3.0,0.4529928085624789,42.153484589613456,0.7356348756211915,0.7634661716977239,3.427650672707311,1
0.6202344473935221,0.9199867958955543,13.893997936558929,1.8401728572998342,34115.67076918368,0.23923370407137326,0.8280795631945392,0.03750089092894158,0.8754201440105822,1.0039383182585522,1.0,0.30501102361612137,50.21247778335376,0.8975879207177285,0.8606518573307066,2.032989726232737,0
0.9446457580372225,0.5953354209373742,3.908350684239724,1.9225416863021825,61561.11435286107,0.1322210767196161,0.860427377598686,0.519141805485021,0.8959262858073587,0.33573069431681946,3.0,0.6198231571780546,9.853705127071821,0.9061126972808821,0.9338146114156702,2.7833262341329736,1
0.5999920210503662,0.9409577477027204,7.313716132495732,0.13331833260237544,107791.63987250703,0.052847273275689395,0.8902842841453358,0.48290523047166545,0.899095706445828,0.5540631366974286,4.0,0.8156697694496371,42.747775985274224,0.9098156523025055,0.6658447092677573,6.816481880778143,1
0.6632825423865712,0.8811210042934698,0.4671957298947974,0.3726749753850562,82719.0990931257,0.1686601060827033,0.654092362282089,0.6638979228792653,0.7106303665197966,0.18624651387286198,4.0,0.6150994664367331,82.25923895328226,0.6608405746380773,0.41007116414411876,10.809720830688356,1
0.9258317822528472,0.8575903959937323,1.185946395634184,0.013280870648300134,42016.522655440735,0.23073649462906937,0.8974574712267206,0.2139859660650789,0.8425874576635101,0.7228837691047241,2.0,0.7733848423070286,107.55884212023666,0.8182654288553333,0.8394103337966126,3.8675798167789677,1
0.4574192550209504,0.3676930147030134,3.487097880485479,1.8888458702204491,61166.73135567779,0.27781826486605976,0.6674898816859922,-0.2558305939820096,0.7748099496186325,0.2227330566185196,5.0,0.7232401682129365,51.41334645226553,0.7550962824936541,0.8920166412504016,25.36292309849369,0
0.8305792969607253,0.5749095772042654,0.10107335137790119,0.6333942539037825,54335.258045319875,0.11579555299547514,0.5731383316425912,0.47105979548384813,0.9571634609603135,0.10524831877982765,6.0,0.5515697235769501,31.27916051028474,0.7231088042844047,0.39323341673287004,3.867005668921982,1
0.6621639133440607,0.5578868392784313,1.4574798724448472,2.3172495939063014,155925.0131259044,0.17902878089462146,0.8385341969004982,0.14719903045762572,0.766185560379815,0.5808496970649021,4.0,0.8997283213566503,65.6337779459463,0.676147045722054,0.7072591145180833,2.3856038590996267,0
0.8124034455690554,0.6407829062707721,3.642848992266117,0.6208574302854776,13562.169033645618,0.7971900941219385,0.3318537535558094,0.00646271394634701,0.9634802825293284,1.1266583161714898,4.0,0.8421702457455541,18.43571890922173,0.581157780737212,0.6517930402287676,60.0,0
0.9156187883075658,0.764396810598541,0.07537122976360161,2.566655827816013,59373.3998765976,0.05596728525307109,0.9713576291310057,-0.0904895522819848,0.897477013886263,0.4522250143283185,3.0,0.37716424354610195,57.823611562371966,0.8956177079702994,0.7829185433136746,10.686327098244131,1
0.6631993345026642,0.5304249780676628,1.5363383628373983,0.21009747014551702,10732.131252758942,0.40828294244551444,0.6668781044274269,0.5025342276420517,0.7816838551231299,0.07928458821513788,3.0,0.7086119903123784,32.329841429287036,0.5249005172217264,0.9169542302363372,3.3540845874719483,0
0.6150121790938806,0.5026463878841413,3.6080503582591685,0.28560285472287716,44790.11662452514,0.12449005445354958,0.7192584124886592,0.7413477968029508,0.8952032334403859,0.36412834997580434,2.0,0.7254823270831597,76.27675637879138,0.8836304962728408,0.9264349071405434,40.492516742990276,0
0.4504183072528095,0.6426950942869315,4.25660426870218,0.6252666254008039,105235.16149570409,0.27179431618747174,0.8523024204377005,-0.3781410234798538,0.9145140065861848,0.5515394279175025,3.0,0.7237493961203655,23.939123554178053,0.701918453155017,0.5705925367482934,4.73010235718356,0
0.8545901045448163,0.5762363344223097,13.00170151825478,0.7876084128300138,11602.99963803062,0.3157501805043961,0.7768986944106996,0.3487808969915722,0.848737013083526,0.2657818313345192,4.0,0.6806498265094556,111.17665681372401,0.8399892938184343,0.4695727521624666,46.764539211819546,0
0.5721630531451272,0.7562156582716282,5.1830577518572145,0.6431838437721333,31875.70524252857,0.018166250378091508,0.7912461542350806,-0.04895487416905808,0.8863443609391312,0.7470140034839772,3.0,0.4246013975328754,78.09579393531,0.7008938188688363,0.7392184648867366,2.2797579605979643,0
0.9421372889705292,0.24579409510970907,2.678459570464366,2.163643449581856,13287.243936762174,0.18624947123553293,0.92639285219353,-0.4869089592768455,0.7724363109036873,1.0039544414767543,5.0,0.24395857024355394,43.190062892108706,0.8571235997952669,0.7938599622498325,33.19178620759055,0
0.6589437291440797,0.8087988327417452,13.321447397946372,0.1529683473758091,47618.58476214581,0.05680763711856554,0.4790683906478293,0.15908232830520327,0.8520343177781028,0.4096277832464854,7.0,0.7438976867085096,40.78156833295024,0.5723285724728435,0.7612122986240637,3.6660296988615064,0
0.8089909592294023,0.7967567970301485,7.682865677997236,0.6489855135201501,12675.08255609242,0.22393630727970795,0.8412266296127016,-0.23325511207582425,0.9045809796499615,0.30454142404876583,5.0,0.8468730361933261,110.15325277722357,0.863755998919557,0.767883099172477,50.149470994495715,1
0.4340967219642793,0.6723800956889447,1.1157735138366074,2.7232178293074334,37786.67030225056,0.06246988695421621,0.705034297593066,-0.5311012911200791,0.6777387605132906,0.37792903851186277,1.0,0.4484378067904812,151.0328121294798,0.7393094035676363,0.8595836106929371,15.369984496496869,0
0.7336211958057093,0.8056417416286377,0.7011538390388607,0.10369891033129384,31388.731543247697,0.04528514990040563,0.8744790896143377,-0.21269618888981381,0.899502061233069,0.5140370046192552,2.0,0.8994124457828829,26.33399090355193,0.9638353855412685,0.810638516344972,3.79106079357341,1
0.8534388213126319,0.8395814399380263,5.632152804780737,4.279878633489093,138325.96260497338,0.07827466776014026,0.9472034738308258,-0.3111095671655415,0.9771567765402396,0.29448537725484814,0.0,0.8466262031853138,27.105195328016684,0.6894283046190776,0.8944541550565338,33.53705811647926,1
0.6630023248539458,0.8145263258793876,4.103575272689185,6.437384348032799,73109.40856028037,0.08776524529057246,0.9333194961480583,-0.1586747412253565,0.8108423920146631,0.45663963279849856,2.0,0.2763270007326027,83.55839684685755,0.6625368251594911,0.669987946065695,8.9143383124723,1
0.6339458941640086,0.8810850010457664,7.795473673900642,0.1391077210000163,7891.086703396506,0.7398608047911701,0.7412766362350325,-0.4303536307814757,0.889096157183462,0.015435388293224401,5.0,0.620888661438189,6.44927673352012,0.5041943240546926,0.5847489059564144,23.756545221403012,0
0.6771667177886818,0.72432742097206,6.7124410795590785,0.5164263028173407,38802.3474958159,0.23339608960190822,0.5818016289083291,-0.05805604345048557,0.9695326936633186,0.26096996817372003,5.0,0.9333143837385148,5.621057725900141,0.8040680432555557,0.7233378624309178,18.562585932110647,0
0.6269626081621821,0.697698022231626,4.906967512286075,0.6987799790484399,15937.35545571716,0.03150110289997472,0.7933896054686105,-0.18529965123358902,0.9783724811602833,0.4505248541116217,1.0,0.42107369370743564,19.96777272467523,0.8156894332536101,0.871039769388409,22.55028835499231,0
0.7711043111172554,0.5629119904050397,21.481877175458525,2.24678690507134,10849.997810633533,0.43477259070954616,0.563516344225303,0.25024555085826294,0.9454101202564362,0.23703139077630747,2.0,0.5605219814535873,42.246797425334485,0.5867607375916656,0.42055390482559174,7.580879502743009,0
0.7363887787897273,0.2229198795568796,3.8134481234972384,1.3592388889518636,18942.32987414401,0.4856579236687991,0.7934033997077115,0.33741559455932624,0.8248112235433716,0.38228940406130457,3.0,0.3476557095679923,15.719020133744078,0.8142971139523939,0.5101987895076829,50.292443410383086,0
0.282873552193987,0.9001966154961385,0.6001476660395891,1.5507784870292411,79059.2348929588,0.25795036716179826,0.6311180463100582,0.20405943071137678,0.782272861276458,0.46469661117915784,1.0,0.7171849593718589,14.22603423302839,0.5685922003916822,0.4638954629725414,14.770007545932543,0
0.8256912910898778,0.6119664730219647,8.809262807309068,2.125191113839611,64278.31655485058,0.13337425048737014,0.5138522321484286,0.005822216850596376,0.9308130510876175,0.1550077137964907,3.0,0.2809000958092434,24.43705455319968,0.8334614986722528,0.5110616545573068,1.4532049280798562,0
0.7389609892498121,0.8696099869420423,1.4507814028807295,0.1883091196450512,13690.762938488842,1.0372345877691795,0.7273721530741882,-0.0049710382769258404,0.8489124909362418,0.2392325991916518,1.0,0.3021785089405827,89.01467954511337,0.5985620218571697,0.7426752889227738,1.2431704469922924,1
0.793817796517821,0.6589108483490911,7.509696753371326,2.686524730154199,19190.05393055097,0.7141479681619737,0.7056447524182093,-0.23482999496454618,0.7902236661471459,0.9137216966287093,5.0,0.32057062701604355,26.051143390974186,0.8693170785730159,0.8790614729765872,24.1251768305758,0
0.6779905040947708,0.8872000277288936,15.745244373280858,1.8343247460356409,14914.628801556013,0.9835204228491002,0.5570519973523642,-0.22519786376397474,0.8450417035588902,0.22381160680877668,6.0,0.4674775840719229,74.49403192918601,0.44738998017993453,0.48730808070499615,34.1450923273201,0
0.8581052692104981,0.617527671539035,5.966739148456275,1.2917869311235872,28585.446166640708,0.12010766546227945,0.6164538706838063,0.3814415472314945,0.993326459861468,0.18487044611323147,7.0,0.5826581288812228,36.92362487815559,0.8458107734896549,0.9091174407829892,21.390493667233635,1
0.4310299697644407,0.8058063561857409,4.532075298121053,3.3073076334907716,62224.6004893931,0.03310941678077146,0.8828776914463649,-0.6038810394601858,0.78499516838555,0.7026477963606844,1.0,0.6372168103365674,101.57243980182473,0.9044059606977117,0.8835325840544811,5.850614481509755,0
0.9251648102790968,0.7095057888707365,3.0845076769873465,1.8074917585466457,15210.071497333127,0.4459440979985946,0.8211396365574235,0.06771002467482304,0.8971063110932908,0.553364038451769,3.0,0.5726968770468958,29.05146858414907,0.68768430314644,0.6024656468875128,4.609067982029058,0
0.804476461153195,0.6502240687098935,2.2660068338695587,0.337906148279541,32876.33527294334,0.052003972358583866,0.7844381764061683,-0.029411624624480465,0.8121820756412976,0.6414444964673883,5.0,0.7863071538430056,46.089701101701436,0.5244420358541823,0.7333547019716233,15.00144130683028,1
0.634980777080455,0.6139492409565789,2.1770816379338465,0.842508477040461,10589.23690148071,0.12012344989563375,0.834124509619953,0.33965284054995704,0.8893711510127281,0.6487132710239591,4.0,0.7667827532628145,40.22580182566262,0.7644502204822634,0.9254159252310178,3.944268090293536,1
0.6540109937071356,0.5396112341332098,5.058129263454393,1.021954995821515,228660.28448150633,0.06488322028782981,0.5486943599005977,-0.4700047933689403,0.9694986569501001,0.6129950465403233,3.0,0.3097613200960008,31.28607554327255,0.7434115784851205,0.7939906371823161,8.57852727103579,0
0.772522437061704,0.7172780641504304,6.95699919837484,0.08520100630115762,37698.84543253603,0.16265212699188106,0.8938415808997278,0.10499228219437583,0.9019242435308253,0.8505813329442966,4.0,0.7004400002699068,60.400778303758365,0.5025888799156328,0.8288615271483935,17.832983426054813,0
0.8505541057123712,0.8124150850081667,5.674054149890397,4.639604701440924,42727.577004486586,0.1894264689007292,0.8896431288356721,0.23719373654364273,0.7330659942545104,0.5543387734099718,0.0,0.6629654736976376,55.90953879504846,0.48836279400367044,0.9466219094940508,6.03627730534903,1
0.6999457293041147,0.9611310148091655,1.1057907501015414,0.2064421059242602,40448.878324525554,0.14076162812376838,0.9270710188984893,-0.661892487449598,0.8874160329691259,0.6734469044388225,4.0,0.3931228796268326,40.619941316271024,0.794002880149381,0.8229860254572601,8.472710712407737,1
0.9166274275988446,0.5935724304734973,3.4059663716540727,1.7933189512233758,142169.76968140434,0.045189533465780966,0.542440552263464,-0.3297311891446949,0.9279288419584633,0.6964646147000714,6.0,0.6965632580050353,9.02053891252423,0.9411844709827908,0.8056206687173804,8.04773953734568,0
0.7447536861521592,0.495711310235547,7.842441362697825,1.058531333380749,8975.589784437847,0.7431533760955176,0.7965252203545049,0.06328406127488351,0.8556676864301861,0.06092538602132232,7.0,0.6561886696568988,15.181021188421985,0.4461865826819211,0.6947908146087555,11.10880946931315,1
0.7277839748982678,0.38788182217419875,3.2284950889209494,0.03894971961938164,25610.63766764711,0.5158706426201897,0.9159939156045641,0.3056587630537218,0.542010237957491,0.41619378080455394,4.0,0.806600233534059,18.07219969200452,0.6049012321599662,0.6091216241558243,20.19532071081032,0
0.44419753157144237,0.5088655621270421,3.846074525254472,3.8803587488774625,47187.108292965626,0.26303922779243727,0.8638138435770196,0.17299972444507997,0.9675640297409686,0.3421656238301529,3.0,0.5791785431093764,40.770522791458816,0.819435058471937,0.7848900326562619,27.447537466792603,0
0.9197151637890284,0.7023572628842095,7.373137743945773,2.8641614543506835,22393.767546309355,0.1799228451341486,0.8738169559484694,0.32418170117992295,0.8210674504024675,0.13475600176412345,7.0,0.8076496427140895,33.616777342594894,0.6273974880399481,0.37053021835804645,19.68967772776053,1
0.7807579022549412,0.6800143486173388,5.4126904617773715,1.1143191554354854,17606.20477320713,0.7421382122607667,0.623620083249567,-0.3317490050562618,0.9375592972385225,0.5651837738885503,1.0,0.6495923422177491,20.471392072392597,0.9200349982412256,0.8374027246755323,1.0,0
0.7353160052335436,0.7711527056085214,2.6326152721218268,0.3899881758241387,41044.52433690687,0.26587078189637575,0.9994680103702769,-0.5355001398912107,0.7849066067740732,0.3785287954169594,7.0,0.6305722278585237,19.431909852868607,0.8102102079770275,0.923563453664253,40.88648057104958,1
0.6653776448909352,0.5234996111754139,11.288666283344813,0.19451890212575623,119077.41630265478,0.03653927760349653,0.9374604048241274,0.13380232230271577,0.9390856543180418,0.3948988077775677,3.0,0.9271814594189208,56.10832338035363,0.9473463543063321,0.7776527617921998,15.666030409886389,1
0.461832152165237,0.7784190351697063,0.8870705023794605,0.6774029258349326,22200.621983436227,0.06771370665088082,0.8735415364645899,-0.39174129528564594,0.9807148603679006,0.41807040864865086,2.0,0.3939449685752989,20.815068601397023,0.7360021211351744,0.8345306981947541,45.51866233384003,0
0.855720591535319,0.7703606911821439,27.036699106110518,0.4424191496899439,199066.28057622013,0.16860298587804184,0.8131256735914013,-0.2461289304191213,0.9156754767946054,0.46145658176327886,5.0,0.4038600616742656,6.13058101025227,0.6692586774026437,0.8267668278665229,59.772512833054115,0
0.7607663570092071,0.5730715330827637,0.6326516636929013,1.059929900847414,36320.42953070892,0.04232506942859574,0.8383576210858642,0.4729113419305494,0.963767051571393,0.3943524620718848,5.0,0.6824534698914405,38.606895525899915,0.7875121044707875,0.4386478900509289,11.354828912057389,1
0.5958349314855129,0.592381504423185,0.07531424171368568,5.090258880950138,32542.959464343225,0.6799087071773571,0.6239462637277682,0.1756398227067405,0.894191146326454,0.2418216618456057,3.0,0.4357413101479803,23.62888388842154,0.7033183195553685,0.8946841499546901,44.66340700926769,0
0.6966609781965063,0.29713747338061924,11.03723378289542,1.2833350325242985,27203.701895864615,0.060581641396080736,0.6816519333518078,-0.12725796210216575,0.9139442314066157,0.13444140746037822,1.0,0.8703678381401074,58.733351909088086,0.6379875548629422,0.4796401783207163,8.185279865262023,0
0.6433197840673888,0.8720884127292534,1.4048797665287125,3.309972517333753,36411.44660088764,0.24948358986265648,0.8081822475920633,-0.1792126018563854,0.7192668217436687,0.5421194499166708,2.0,0.40858450235548466,20.364886775529005,0.5668986054577255,0.8821047021944975,5.429094814426303,0
0.7741770918550404,0.641771241956037,6.541107237025824,1.5785043697953567,10672.137704320283,0.21147163973870112,0.981458902382272,0.34836862275566594,0.8925847080499619,0.27553569156682767,10.0,0.4502140217346079,29.285697868479943,0.5039217594900568,0.8049273066700314,1.3766733077821547,0
0.8335995702270322,0.7771090415830071,8.330448080392095,0.9672400516903987,9777.395898501009,0.1866760137242174,0.7728121019331747,0.18478837425999334,0.9283578227037481,0.1338246172805262,3.0,0.6581361271879365,41.9143083538263,0.7583165644299087,0.8407602371214669,10.821071697447533,1
0.638390518513783,0.6622507607707725,9.794494378793829,2.892478092798555,9849.667592579683,0.37913371353207,0.8946194553771071,-0.38582265692907647,0.9512605328450577,0.034735675648564064,4.0,0.5373096997020548,7.410896590350582,0.7790512670666877,0.9146318894595039,21.0052322467781,1
0.7124786243032999,0.7576142074974568,23.89418789012491,0.9561944246813077,36256.24444811725,0.062082304583183055,0.9534492189994912,-0.679129493240379,0.7616498391093252,0.3672060414859795,4.0,0.7609778221900929,22.571046007227412,0.7686144668246637,0.8628170119568932,60.0,1
0.9168274696280769,0.8383614372166761,1.7409814479318446,3.0445853750423555,102322.43441627012,0.12307686631419393,0.965265022199397,0.8527207330560599,0.926417567001628,0.7528344776994708,1.0,0.710078445770269,20.003687798887572,0.9584968112872512,0.780677293097988,13.260610154913717,1
0.6512282684602588,0.7098280727074674,6.1935690917277695,0.5170703712067132,36971.04873699855,0.2112133592786895,0.9728616787247922,-0.38899169012702317,0.8797613819406574,0.333660081875457,4.0,0.4268352513445839,24.548282381185658,0.7523254033501681,0.6964680209001528,23.868821652313628,1
0.5149659565885057,0.7633582625301942,0.6130977667042807,0.20684807113648024,90370.1673916118,0.04625366458478585,0.9706950407596489,0.31107860132004916,0.8322493198191181,0.5600823268929422,5.0,0.5934348941709817,23.858008847067566,0.5352096118655639,0.5180590196495465,40.766045585207834,1
0.6580302363569949,0.8724958896467461,2.6111966597551173,2.899788917076374,10666.446267384154,0.7008780443674337,0.8560530395236134,0.7042771729352697,0.859229382865988,0.10060298137437454,7.0,0.7195553877480206,34.18496500215471,0.4830151193256108,0.5499651564412298,14.102593988019095,0
0.46051913376207904,0.7498052532280345,9.418442736337692,1.3279701462304763,143980.81217627335,0.04162582671688441,0.8189242096288256,0.15903902753326227,0.8280476529719074,0.26494928269460316,6.0,0.7138564739413492,38.9532384721448,0.7004027663840592,0.6350860199554624,3.2839182619196223,1
0.9238336385582292,0.5797840086618884,2.2916248239836765,3.298586761467349,93712.32737169394,0.14230520934499702,0.9689511527258099,-0.14017467058688188,0.9605334206135924,0.363601458570232,1.0,0.7387253886172013,53.048118580794444,0.7527609552413104,0.36898684001046933,33.93444332983291,1
0.5405248295569954,0.5044829534605119,4.471366771896142,4.1667566795736075,17831.89997527425,0.1349088566723538,0.7076732528104877,-0.4704196166782849,0.6335963234610205,0.2915696715465632,3.0,0.6669696051801949,48.794155842926735,0.8773500218317871,0.43589932322519354,15.367027986086075,0
0.9566797255627445,0.66924524981356,3.5036134492957545,0.08267994757069877,71571.1550756724,0.09257981472400055,0.8862493509317545,-0.4760042145280122,0.9229744078408577,0.3777200991055791,2.0,0.4713950903386419,78.5801306515248,0.754764920099777,0.7421563782305007,25.576782997504434,1
0.4605224848309893,0.5245514344085239,5.191607287290797,1.0426314987029235,13536.048278955095,0.9145228654940754,0.6359825644992022,0.2506779394705544,0.9413950409164122,0.5938115985610798,2.0,0.3251809896386248,67.35620243033743,0.8598903277906009,0.8547752226081744,19.338173435127082,0
0.7544612962745992,0.7950839619433079,18.040072694302992,0.7049203640603772,122490.8691522799,0.19767518090962605,0.4948936081163195,0.6803905291799939,0.7666911105029054,0.4218690307631187,3.0,0.800218534398263,90.42819536436599,0.6060791262805859,0.288107794373506,1.133635378733418,1
0.7544278090627444,0.2861145013176797,0.28674494735201683,1.4746814036482936,135339.02766391358,0.07074993742347122,0.7553702551227549,-0.05818363868181167,0.5617853310781304,0.15798143947605525,8.0,0.774790101478304,80.61005639689336,0.6182252256122329,0.6262835904729179,3.3347490734756864,0
0.8003368542005113,0.5748826514942669,4.266128011447328,2.366844895605949,43886.40273211007,0.0622610619340573,0.8755001878578702,-0.12228818485974566,0.9180721740797654,0.19906285643420202,2.0,0.7201770122000096,23.80430550269368,0.9675666971856908,0.7417060162778522,6.0699990812929645,1
0.7889707506596175,0.760157198293643,9.939922213708055,0.49398622133259035,54014.49068270291,0.1306606422745856,0.7256964948279385,0.37899243632447466,0.981702643511808,0.19901139885113833,4.0,0.4800429043419958,27.581868493146168,0.9633891669620642,0.5279853019762207,6.03115517467291,1
0.7002029762258705,0.7351954099847685,3.282945350218805,1.2205957472824722,15262.502202969978,0.582109588674949,0.7278278423131851,-0.1743789015618987,0.8735568179099646,0.6863236647657982,2.0,0.699205147636961,29.078954528390213,0.8631364893496585,0.8938591806930839,32.89643371177336,1
0.6741864396838853,0.7826958399251125,0.4089100207155998,1.8502495971234807,50938.93779440628,0.07516073872191167,0.8684253039186859,0.20979316305136847,0.8836029522966982,0.4578864978430489,1.0,0.5999403699209753,77.91702040426226,0.864083838395816,0.4727818541711905,16.414178283144256,1
0.8410484469998659,0.41555545613869715,4.111035524627703,0.216552420811239,40531.81581475848,0.20049207241670391,0.9303903760654179,0.11672058003420505,0.8485439500954187,0.30073148102696323,5.0,0.768361205940839,29.171097536487,0.8695773928932867,0.8811876994316865,1.567029583903814,1
0.8097422753662666,0.7786355405223672,2.0178886328475074,2.523552569092949,44311.642101879566,0.12098183002208673,0.7270060243594147,-0.06378722343122223,0.7990962587064635,0.20074501201806433,7.0,0.4984738114782431,59.414983923426576,0.8852185417658044,0.9310857264373065,8.81485799476893,1
0.685973085092158,0.520553987786562,0.8417488045339155,1.3975238708954074,44063.74489417049,0.18004453730074982,0.9210990916156061,0.0937847365053918,0.7980834710376639,0.39600074544348846,3.0,0.5950356873846034,9.206974302403308,0.865075494675033,0.8284582816058484,14.628164059031258,0
0.8870888639270749,0.7950675011936752,9.453520165416688,4.479785319906355,98976.00862374868,0.18884650969653383,0.8677552932932894,0.8052608458599917,0.9778884720977643,0.2938386277971118,5.0,0.5587921090035245,7.9855305637884175,0.9604084009627704,0.5728050368138186,5.214381407657959,1
0.7441529650433631,0.6135566763190784,3.6865352917554306,0.6222029095102676,19165.96583968796,0.5618661810541946,0.811852199598886,0.34181317764038244,0.9559785033512235,0.35782093344895677,3.0,0.6713643849786319,86.05487593366018,0.8058979261625154,0.64522734371417,1.0,0
0.6925313131804973,0.5943641376214134,13.535983755401539,0.17167915841063883,182072.3126959579,0.11508998091864053,0.8561221429121693,0.5370003217023914,0.9135824938074488,0.5200402485014503,4.0,0.6469355422605604,49.584632165756545,0.958999495901482,0.8807081923028186,8.612302992771614,1
0.865368749268691,0.7027246211479126,8.199910994057335,1.0593522807355054,68866.60630086446,0.11435213965968605,0.7236534733343742,-0.2674777443680244,0.8424470667679138,0.6072607128581515,2.0,0.519113565853566,80.50998622607243,0.960555301695837,0.7153069950671371,11.131024219067601,1
0.8410241568674433,0.8230400516177594,5.904078293283154,0.13457654372359867,43335.76532820644,0.07900656520483315,0.799228824611092,0.5383744590430298,0.9472180341978895,0.48825119052976906,5.0,0.7272562715316565,12.001930221030351,0.6844038419119235,0.44104887659580033,42.32532866009368,1
0.6868701594166081,0.6154390936695966,0.02519086837481973,5.236347886328545,11706.561990042735,0.8715900832943762,0.9791300373144128,0.35560819018759404,0.8146114174128817,0.6368294395551253,1.0,0.5846909968360537,39.613471213776336,0.89672685401374,0.6193066313936879,43.019184704065665,0
0.5435939373131827,0.4360130247787032,2.7915384649086783,0.059179645109602066,14626.588610371386,0.33982199016630754,0.816911541714858,-0.4998384386237471,0.7976420714448752,0.10450322076512628,4.0,0.5943119751253615,12.411644712297136,0.5677457098974111,0.6174658391528687,12.491144090650442,0
0.8180142796489084,0.7175799011359543,1.1000316480473709,2.100613667426641,16352.88908723613,0.4137258409547963,0.8183078153907009,0.3159162933484399,0.9845891718903937,0.46372829713611263,6.0,0.3719911023982241,65.85930037359877,0.659896909691594,0.9539851106832196,11.478639163333805,1
0.8745442103468081,0.6635569561271767,12.084254104678607,1.1169841098351558,27018.977300356983,0.07369822172867381,0.7440801732533627,-0.1053096547178709,0.8968797379484289,0.6627930622597189,2.0,0.42227903482927315,35.959545871532136,0.8287427361168431,0.8353486585535603,18.414842970365857,1
0.8650298191878603,0.6963731189654453,0.9593387937297861,0.6897726186745826,61173.69878547433,0.039404787546645594,0.6790139742178134,-0.5183214705302466,0.649248652832073,0.31393685258811166,5.0,0.735303204113566,32.40055356194132,0.7714445432331303,0.7625531810918372,5.374318594284722,1
0.5582062205547603,0.9837069490752354,1.6847821307252178,0.1021647994222813,67010.31135504483,0.04003360723605721,0.6462798345219405,0.15191029293104782,0.8251776409878929,0.06112303246601775,2.0,0.4806003982552544,65.07368248499131,0.8020793138720134,0.8067272131526717,6.056497565811544,1
0.7614412716158816,0.7686149033847789,3.6370036371122785,1.459954168858035,80101.86566301888,0.039067493118658904,0.4540671647838672,0.31561703642504396,0.2613455925282236,0.30199822444818447,1.0,0.5839528009983211,33.080625462988976,0.7957742036403366,0.3368355594753408,1.0,1
0.3672183634780739,0.7892737374300461,1.528304428728292,1.3200117208970337,10353.043833435768,0.20229862971025034,0.7608111842754605,0.16064322745782517,0.5917731873913836,0.5898922648444294,5.0,0.28846957328090195,32.32487486704495,0.8821842883759232,0.5741736279765662,1.4659178921998486,0
0.5634186646237109,0.2846823742858305,1.1777552680346046,0.4945973823262583,40597.18211597667,0.1756156840587119,0.9305508555008839,0.05634456606169788,0.7132257156237697,0.6979453337903144,4.0,0.7456453756353011,12.81180520551682,0.9779302132327822,0.3288024430751849,3.5392997137605007,0
0.8570884606498,0.8924318438363456,4.570207879398742,3.615617995036989,137507.06612673975,0.12177204424941308,0.6160561503506704,-0.03223413538333278,0.8679831202289827,0.2326257280403895,5.0,0.6130001541296416,90.77310939879186,0.9031368555999617,0.8759344626804674,18.418382151666734,0
0.942559939341812,0.6010272733881218,0.46567511103148357,0.5438455315005467,106878.939750294,0.24386710303541992,0.9246254829157464,1.0,0.9459293871230464,0.27106010220144605,6.0,0.8188590325089352,38.20840573080212,0.7273080576155266,0.9207046753576218,4.303649147791598,1
0.8359395116741739,0.814758861364985,0.2996405403971843,0.8960068078084062,147455.22076051065,0.14018216318187685,0.8791938685796418,-0.3730277554114584,0.8123179632710983,0.600402369233217,4.0,0.3732039052097069,51.102937082730726,0.8969086253439027,0.6459662006060599,2.3846288443335872,1
0.7375791283380834,0.5856101061923027,2.3280289312351723,1.1771125126526012,62085.25371356828,0.029006466000686144,0.44999109180002483,0.44916879294288137,0.7531184872201958,0.2519588967369498,3.0,0.4811250618671141,13.608182008449377,0.5993863530711517,0.9071397559198715,17.24231867126847,0
0.6135144563629719,0.40321430223804294,6.376707738882974,0.1584272869071474,57793.56309897205,0.04885994930322854,0.36681990707388634,0.10616918835559351,0.8258159248533284,0.5071292531291008,2.0,0.3949625057334183,93.43095577434667,0.9351160550410602,0.9467054729036286,18.987025212868886,1
0.5655133101710629,0.6538880884041627,4.046234200029128,4.035942945002533,136537.5058341889,0.09869741734049997,0.5245582758549038,-0.24178660250681286,0.9341490093688789,0.23828436132051173,4.0,0.8425870522128786,39.4816059627582,0.9508782306118646,0.6145088030526444,1.107499108206532,0
0.95746072179525,0.5724410868252325,2.7484947130503983,0.703892622643561,68008.77934689369,0.08553762603263151,0.8958783074658275,0.08064037974856841,0.9153129590507082,0.19351497181471705,9.0,0.38379085900932763,117.00133949334491,0.627006420195359,0.3350999996488276,26.68241536099284,1
0.8618758396974171,0.6235128881609776,4.170692379982791,0.1263434091370546,17939.202911110235,0.8348896879629338,0.8654365038546477,-0.45717305503544703,0.8903250444622836,0.23086626215298256,8.0,0.7060485109529336,70.6515416658175,0.8473240090090387,0.6164551308650603,16.772455853223857,1
0.5788285581300083,0.737558749061056,2.2742076621170173,0.7347981805982593,14774.317010718163,0.6915264398832413,0.672613795865831,-0.13819616272274146,0.9186510566320226,0.14108902621581398,7.0,0.6806217635409747,6.322485999212337,0.8021745815052546,0.9042852471853121,9.107039125747596,0
0.7506191416149716,0.89082853685813,13.755806523807674,1.3751958417795629,15451.783687529703,0.4680964429147542,0.9128125978173702,0.08122626966575773,0.955856015550776,0.5446586464833767,3.0,0.5566245633414559,60.22661860306847,0.8074168695761331,0.7196545557204537,60.0,1
0.5048060938422084,0.5756410681674146,0.2823485600692648,1.0812483649503304,47139.47618467351,0.32307511220679963,0.8494822770770867,-0.520446823439652,0.8175662984052485,0.04485547474980247,1.0,0.6094968116674991,66.27207477854348,0.7251814284859645,0.46158656190887815,1.0,1
0.7289410348753406,0.8744558446561983,5.594965044295441,1.7789143565510186,8974.039182154696,0.4181987633419581,0.8012048032659533,0.3025530153952233,0.8434250508067389,0.23302003389439235,5.0,0.7422807267226822,54.161068551626286,0.8821300634101651,0.5634889243401336,14.168376722184558,1
0.8282559323225479,0.9515464012938626,11.095020101822522,0.08562388600328433,10051.505423887009,0.3904023687526433,0.8974230334036842,-0.2855044163646129,0.9291271459377957,0.476156867804417,4.0,0.24993876420929223,40.15073977795278,0.8667478081607991,0.45438267523757364,3.1320065632454277,1
0.6665737928852372,0.4761224187142375,8.145262859735617,0.5022456592333244,20171.46970964383,0.28166927536863934,0.5940772394207617,-0.48068838320542095,0.8930789784588054,0.5683305634191869,4.0,0.7253132272995182,30.227026158082044,0.7316654139581356,0.6114740011881096,7.1906794891558485,0
0.7530770226414928,0.5612701201733983,1.016956065269416,2.565799447525859,44335.38169699813,0.18595984307975458,0.7740220675740725,-0.33216709433134817,0.8689409628997159,0.6568186035804037,3.0,0.4706135161475767,33.80663431251636,0.46798268501367507,0.9425802046093539,2.573093587327727,0
0.5361924444355973,0.7740425582786259,1.754361551852207,0.1248990883000455,41074.473731471124,0.11270158525585174,0.402034552385711,0.9703816647341947,0.8796767116352476,0.18662035355053816,6.0,0.7371225887143619,92.05793511650091,0.8026241949542412,0.6687551256447818,19.858799487479104,1
0.9182529287129144,0.7304672275934655,6.31238895206279,2.9015678652258985,72747.17506372988,0.06674129804428917,0.8188814271403884,-0.691225656747536,0.8292533755682121,0.7114515072059107,5.0,0.842836268741861,96.77787232510505,0.6909623077897002,0.8607541653484907,9.2420708855295,1
0.8753796195326042,0.8421567299162392,0.4401716411153974,0.14459470633457772,12490.428386233763,0.1276544619510411,0.8166517288847589,0.27444923550791617,0.8275362335817255,0.5826598682900794,2.0,0.6075796122725536,30.40095584121148,0.8122349828992911,0.8390618115525748,60.0,1
0.7336337460973409,0.6046338754750071,8.352889737068427,2.697761212867067,14096.724697750282,0.22134004433355575,0.5447957546715876,-0.20065450840771462,0.9844171049586993,0.6009152049271591,2.0,0.6864568877710867,19.899596381352307,0.9635465817126617,0.6516645144513414,19.09574539205266,0
0.7497748025160986,0.8241432391850111,6.345347532395129,0.6712796080465844,31357.889805265593,0.09122812269734325,0.7836357493535614,-0.040051268607024626,0.9154148279196349,1.0269094250569495,2.0,0.5874330734491469,83.59156968334855,0.8472580249946895,0.7667249610719599,44.87322189195688,1
0.9020226444085823,0.8435152415132332,6.539387627415336,1.420933361105889,8471.473243539385,0.08473510122937411,0.7899178046055998,0.3415723714721331,0.8487913786209533,0.42288087752464876,6.0,0.4922975210312551,65.63670915581909,0.7002504740245385,0.9540854934563339,4.9594651827824485,1
0.7809067223478641,0.6071245561113899,0.5281437040659497,0.2488819765595089,13927.1197461514,0.4754975671650127,0.883615970043769,0.3219274859355682,0.6283240944620612,0.49524406384060127,5.0,0.4967870214661272,39.72295494238108,0.9729464241375464,0.7263451941149087,6.909766833869972,0
0.6995479642516512,0.8875810984738266,6.324997182475949,0.10268925197521046,10221.483558527338,0.36171118144326225,0.7695132017969638,-0.1722785676647163,0.8903342905463497,0.5412439316120082,2.0,0.528893660460097,17.43932558311406,0.8714113575715345,0.624922839764829,8.108764355748624,0
0.49022360563638134,0.6026377601492411,5.694330429776984,0.3649011605026257,80765.97491170563,0.14987977297697833,0.8331852083575391,-0.4431296026533177,0.9331779373883553,0.24762178868163837,3.0,0.7220650443131622,10.564215767079835,0.8366330173161167,0.7503183259135702,32.8201759517185,0
0.7294409965883492,0.917282501889405,8.886990175046721,0.20519734366531556,59614.35695550752,0.16423532543678807,0.5888445740390136,0.3488563894802557,0.9596186388316965,1.0155355710707954,3.0,0.5839685725189743,58.072323519941776,0.7654812987781613,0.9617832146116645,4.28122465853992,1
0.8995825094077593,0.8219949180825801,0.2124291618245035,0.5618348740586039,21981.6364875168,0.49443784065840474,0.7598262972064525,0.3209508772037377,0.8612781925919224,0.33014905040213327,3.0,0.6764252718677367,23.169970249406585,0.658607859161239,0.5933229209989328,52.77975940714379,1
0.4226505574147588,0.9395740617132607,0.1169095355984222,1.0835033088553228,8878.759637738936,0.7487128379524308,0.43427804321307834,-0.013987803515275316,0.9294209041504354,0.5164357496311057,3.0,0.7517482490310322,22.74965963716279,0.6747933579404448,0.8301430335785074,1.0,0
0.4294378135639486,0.8333871188264497,2.334100309918004,1.332865483313338,167543.40323669848,0.14396200820931848,0.6625332808888716,0.2767777535233513,0.89337810011414,0.22876979268348505,5.0,0.4936214442253947,46.063796064377584,0.6958136016790503,0.6283043970701528,39.70772940760179,1
0.6541925741568014,0.5204437025818998,0.8054719810726125,2.3400298279731087,27259.171954391808,0.08598894718919392,0.7376843436922661,-0.07833179239021415,0.7898405766858275,0.06595335883756336,3.0,0.5092336029152895,23.39513350702384,0.8901327025012676,0.7784889010446243,10.807397971749632,1
0.6540898815342011,0.9735883438631859,4.086578171036312,1.601716843461375,28325.697879688112,0.04626399761166296,0.8898570598732487,-0.23081502601391532,0.9209235884783834,0.5670041125065937,4.0,0.7404559912125597,24.09136877442056,0.724281690192502,0.7656273228982495,13.433991524216484,1
0.9015016938986437,0.8183118003875479,12.465635819494986,1.407644723460836,28673.20909028532,0.07141033818346013,0.9449803947157649,0.10158487244843008,0.941847361189089,0.49709700085450675,5.0,0.8032541754888205,20.59849251610692,0.6643245578168779,0.9221331076741583,60.0,1
0.6606936920664288,0.9002642090084697,2.483625281183691,0.795986547332326,37259.26441026003,0.1034870592748864,0.7506836168790813,0.30761309643660706,0.9442239827846789,0.10993165361780698,6.0,0.6303539158214778,54.4039867686875,0.6958976626431759,0.8128647632067993,36.73061956984607,1
0.7652066615332483,0.4720590556165168,9.320050333352635,0.9631349106829177,34758.62349776402,0.13593776488230846,0.5402215358613749,0.2237001078209735,0.8961837724745279,0.3363549169591717,7.0,0.5578950404813063,17.14676001732458,0.7501998236591683,0.8419791758953233,42.18537631805723,1
0.7864434345856166,0.48620114694750943,0.001204517663962752,0.8029870079490754,54394.95450894226,0.09352595671052817,0.9026001611297692,0.30366507203066895,0.6774878222604336,0.1168528507067865,6.0,0.35614310167999597,11.811750434729692,0.7752900724663673,0.7388569596232966,15.85380172464922,1
0.7873832043503198,0.8074063936671491,0.9227079569960918,2.7693174324453604,52117.558049875835,0.13692632368370417,0.4499808948893039,-0.20423154931565038,0.8256438442707728,0.25156481792580654,8.0,0.33071367262280976,17.026089130307717,0.8504591932670923,0.9186459221832188,56.36454762025886,1
0.8536466306477803,0.3476878510616188,0.15447970828920238,0.39204802778966225,16700.763073471244,0.23180531522591954,0.8020668114503217,0.7327524499033011,0.8844918927773026,0.38769928851108315,5.0,0.9050512011950465,90.75052870166977,0.6765531457182502,0.4653977613865999,20.954316099523236,1
0.7881456648452967,0.8092687615356334,1.9885799053534146,0.00860603813012109,104878.3191879713,0.10437175179859776,0.6278929525662083,-0.036952342135449845,0.6766983032423706,0.13707719279399724,4.0,0.9056441244668464,22.058542491887764,0.7325799546964925,0.6527841983417492,30.7992004350577,1
0.5069579807469946,0.5988116532400829,11.940148255692005,1.5804005821317852,37257.42053869059,0.03494905979141256,0.8173292602256038,0.052433739409363425,0.8046138473290046,0.16589580206264556,5.0,0.8493329833346067,46.72829097523298,0.7429529331707769,0.7440692063062978,22.973519430106787,1
0.6656322929207482,0.8369795259978114,0.5098985385019974,0.33933904021900674,19036.724676429447,0.3010539689738226,0.8330459313276182,-0.4274623636871472,0.7145538620483417,0.5395577816179984,2.0,0.5374752984563372,26.677169113312388,0.6203269295039725,0.911668862263784,27.329272175570335,0
0.9037884537195581,0.7483684574018479,4.662224767003248,3.312483232622519,74073.26850665617,0.04484140672548319,0.8277693084693252,0.022457937481086446,0.6329395139909911,0.3585825346861965,8.0,0.3958284406463041,28.845983463882142,0.7575514188456217,0.9275968689839139,18.288555036260064,1
0.8606121125828148,0.7870564128462004,3.0028029784170016,2.9389860331167963,73350.05691660706,0.08539680262490196,0.9399868784944541,0.31289509474060684,0.900055882875958,0.8352449213474082,4.0,0.748153913922963,86.65646112680659,0.8646575004069518,0.5156836408670081,23.330152556480964,1
0.7438779276207111,0.4861101696952921,13.941006828007138,0.11974607460124587,162450.94414670838,0.059037270934540295,0.7271049776759536,0.4050042450770659,0.816908244798431,0.6270134641229956,4.0,0.8742171891196069,36.18293432756835,0.6380973645291613,0.4820834255630232,10.306655128112155,1
0.8862059979969436,0.9432986755050043,0.6535006936857533,0.1687260842556096,46502.00904327768,0.10670243770636671,0.7926033382421773,0.7247762948747128,0.9416548625888986,0.28855583494826037,2.0,0.6946762054739628,106.37963134974952,0.6397658449203046,0.4436891623725341,22.08834342411917,1
0.6493591532015203,0.955613181360996,1.1914626651289326,1.0253050411115927,56489.09294832232,0.17860746836038227,0.8950376749037117,0.3080939583301844,0.8767389211412712,1.0942499380881623,7.0,0.6494978610740779,128.6737543165878,0.9076562089726455,0.7200215575343539,5.833513104080169,1
0.7458742752944151,0.6606616399508951,0.14993560813517737,1.4094260268071184,19123.76489550341,0.48110677703629534,0.8049553161161771,0.2107652783198813,0.8605890905274163,0.8281866483398521,7.0,0.7254247973331771,100.37642073205896,0.7639000620569009,0.46395758326282044,18.138522970483923,1
0.656066022173485,0.8216328587745573,2.8452340368877973,0.4821858015903251,109648.42504544635,0.28402968659505173,0.6015222615268989,-0.07851804460572767,0.9340273741810967,0.43960218252513966,3.0,0.703592031427593,23.014143439693697,0.612675141017076,0.6138633569950653,13.352714283685348,1
0.900007561454939,0.4802894130564633,1.6274936291073643,1.8923907820392776,86943.79294412016,0.129419420597276,0.7833028710324279,-0.16469616329320272,0.9374008945608902,0.19534078488723403,3.0,0.6610771532440772,37.457598472095896,0.7778431937616532,0.6913459319266091,41.18520891436011,1
0.6739637174971622,0.7459992230556963,10.197487523646135,1.3554913164224378,9348.26254137753,0.4898671297880963,0.7916127785431465,0.4880994058672623,0.7101629871851657,0.5919939537360075,3.0,0.6908161130396364,93.50613790760758,0.8170656270417915,0.6691411542501232,20.132582734277783,0
0.7969248275138445,0.7044123072476127,4.643598426501121,0.5891730658558612,30421.60796628173,0.46802477275503074,0.8231237134321646,0.4804281406955635,0.9540281033712626,0.6028775404339678,4.0,0.5616497902677521,57.82405303042064,0.8859561222579718,0.7903913226634975,16.34179623398404,1
0.5017974274612322,0.4463279094757863,4.760765048135412,0.038548340947594656,163089.65303971953,0.07327972973024095,0.7452186531874576,-0.33080508033950906,0.7842337899796574,0.3150613365795283,2.0,0.8710751562156046,74.79999801842584,0.6978383764781615,0.8799154607694477,6.7595194485852375,0
0.8814340350530484,0.6692789636398748,3.7954809131917684,2.080343500593224,10907.579927041392,0.4363432280262887,0.8676785685010011,0.3892383548613926,0.9194809391753042,0.436590278898464,2.0,0.2340169779586746,79.43933689762086,0.8932822779494477,0.851490985702829,35.75419421283348,1
0.6383548830658037,0.7289757461027863,0.48173043561603934,0.36263671339261594,80458.16247934273,0.15354347038042435,0.7458375155325702,0.36015347655833696,0.6198785527797956,0.35650892366489945,0.0,0.6307137582386411,82.47156760690834,0.8851043678879889,0.7966539726365514,1.0022294759068615,1
0.7184272563106322,0.5718197701313311,2.944104150861848,2.697938170463888,15523.83723820395,0.49948745776295483,0.8340027896888406,-0.3455235540056777,0.9879054009365342,0.7268872308632957,4.0,0.6402758528183836,16.664296871421985,0.895511280041858,0.8651859448848412,41.40177309427449,0
0.8285240207327975,0.6791527304551781,38.05668059191408,0.817841623615736,15265.064633072087,0.19731894595394078,0.6833201084964021,0.31618272191567076,0.8254013414834029,0.651200903645736,5.0,0.8509548453701886,31.946169066687627,0.44966327355050834,0.8471118121943888,19.050586232566165,0
0.9226126900090038,0.9083242255805124,9.016002065098697,1.2908492943070162,36498.197227917386,0.18944329968894746,0.7479919470249843,-0.319818583792723,0.9045299592420795,0.3854960615142341,5.0,0.6893597366495207,21.1370029758967,0.8879645694846968,0.6993933526547982,3.781706460763463,1
0.7505922226809215,0.868356594030242,11.196129499035516,3.0947468646308556,20462.954801721167,0.7122916071071187,0.7038253205777187,-0.8717171870693955,0.9412543995326546,0.6134908090198764,4.0,0.875859783732463,30.623441250179525,0.6299014493263653,0.5341228460234014,41.99396282094153,0
0.6571832711839596,0.6196801815300556,8.664426153272348,2.988498264356334,51758.04525904656,0.13631412151868244,0.5511457868857633,0.035959034523180125,0.8173975476266016,0.3034603651709054,4.0,0.9089400358236943,38.53646709619057,0.5945175858606104,0.8717973793118053,7.110908994541033,0
0.7947412376816513,0.681971597698273,0.5437294948730497,0.6966755961137299,40602.6863090665,0.14950219657053804,0.8777929861703083,0.2031258821019956,0.8570327021102341,0.23854588153715106,6.0,0.8042201558231727,35.71356077463229,0.8767977429793318,0.5939454736217185,3.316509575496287,1
0.8667491281493178,0.7864392651846966,1.290281437121239,0.35147528512276965,9121.588186417273,0.4071467791132082,0.8969097882025019,0.05397167804675472,0.8866319300333091,0.36904753738647417,4.0,0.6545793642351962,21.981457864237772,0.7224218148731958,0.5528845722760151,6.919334584228529,1
0.8531268922508128,0.8548519454063352,0.01563266936831929,2.238456482956365,11253.835293950759,0.2819128506982807,0.86807720866623,1.0,0.8286225348707876,0.8582456643925287,6.0,0.3460044898171265,13.684745420385052,0.5063769964506506,0.833901751883574,58.42889870986675,1
0.8528102072815837,0.807183377561672,1.8085101133175128,0.8513061567312299,32159.89629141121,0.21754548359974385,0.7364161025986047,0.2515404916939898,0.9478257514118833,0.15788093581064352,7.0,0.8244979168215434,11.423992743923437,0.8479398261604265,0.8998466787409951,25.153014319667705,1
0.6533350972267679,0.8137081254326588,0.5748516134232788,0.31986779105720226,9538.112833425103,0.6484780959423235,0.7952936370204423,0.15885672771948015,0.8116984393844974,0.45723676029512517,5.0,0.8695226290399186,119.38013813764425,0.9394452770142727,0.8238096923139101,44.75565699376583,1
0.8896907065817528,0.5968517757946834,3.2008133657634206,3.5217713715990446,34536.55928961595,0.10636666306132923,0.9735770021894742,0.2718365213256364,0.8052171815696875,0.2879178133596869,2.0,0.8769928820284584,79.01336162712565,0.7369814794151837,0.9386328556204059,6.391167396625375,1
0.8479548068239103,0.8790493145802168,5.65248867570898,0.3311648963430617,38807.984385894735,0.01451038893975005,0.7277833755097497,-0.07652760176003906,0.8315973886082602,0.5842112789022827,3.0,0.6528155387285762,42.1329389044392,0.8351621091254854,0.8092501660051236,1.5486573688626821,1
0.8194779389220813,0.9837699620890556,10.377458564194246,0.039219023497692046,13332.9893288555,0.5528705636742195,0.933494607309232,0.47179162483741555,0.9031863637174533,0.04420437791999712,8.0,0.8100547671148186,5.0,0.5417409024939416,0.6426379822154547,14.89071814698862,1
0.7692879176374906,0.795033405956374,6.915839569584281,0.030732653477621774,46808.50963935686,0.10231801622633539,0.8378734722051818,0.24440077847084066,0.8240254126709368,0.22171239899659034,2.0,0.5677250192778144,18.66150254035085,0.8121332199831363,0.2945234231491012,11.87485020412966,1
0.8070232584914844,0.7050730384399668,13.950554374505995,1.4605435618481408,14242.270761118958,0.39079395905264835,0.6172957405091651,0.22606868155699633,0.8183449380692611,0.4071137881729866,5.0,0.6061176875455688,47.05166819272713,0.5930595369352207,0.6671399015058822,22.952303173448556,0
0.808180705700127,0.4210123599318554,0.2770260013482994,1.6256227297270274,12002.335666189085,0.6393948074250229,0.7533283490140337,-0.14964808914677566,0.9098556399197046,0.05841008893810988,5.0,0.49532762889714915,59.94053992334736,0.8064973842122435,0.8385992364492255,14.082504767301572,0
0.7447802266416592,0.7374326037650152,0.06127308727113244,0.5588618094546807,16655.531381823548,0.43353667113358807,0.7741030919169151,-0.5257321305796374,0.9243486720183892,1.0279488577572524,1.0,0.568380115659869,26.658196475105232,0.8502417040324063,0.7841709762381868,9.08917536414422,1
0.45958553733574997,0.37723506930194756,5.413765276347773,0.5785179624000235,89933.11907953027,0.06522288588941491,0.7610848123222818,-0.10055443563091626,0.94334925600353,0.7507327676602055,3.0,0.6791951059349703,48.88964141011546,0.8631434734845248,0.30247573446091297,1.0,0
0.42565173323835115,0.7300800783028487,1.7078931318856267,0.6221234136529628,130250.52557781222,0.11358383719137616,0.5771411423124237,0.21305354250395692,0.928471802344153,0.24976644379090496,6.0,0.6289161029494035,31.019340283461144,0.8492069443516225,0.7525234684218357,11.351439163905532,0
0.8146505682093991,0.4351102325021249,1.461805115817974,1.7098947968850604,109814.73409198594,0.05935873235127847,0.6275693985478228,-0.0778797918979785,0.964976662810054,0.1842640432945011,5.0,0.7957470163390441,73.35753342956926,0.6078215914160342,0.656907169465211,2.314154089512357,0
0.5166006819048703,0.8848777124245332,2.0090122767902012,0.08983806477555668,6734.160668874596,0.2088636397906528,0.7007984664795632,0.21669086682694838,0.6336674090937914,0.08543669814977875,5.0,0.718400692668887,32.27463435118021,0.6796180218450734,0.8549008713870465,45.919090705870666,1
0.7281572785532243,0.46051745537017785,1.572157055534071,3.97007327474107,9398.886540542782,0.9033066436603823,0.830465285059824,0.0070552492574780384,0.7264285528203636,0.3575016375526758,2.0,0.7847600011273319,31.516955307679048,0.6198964179089951,0.9368763257185253,45.85119352087755,1
0.8552801141502772,0.732544857187541,3.5814281719959036,0.3775480526418305,21999.03435432762,0.030438721422669082,0.9309221932140971,0.27223179385060947,0.518823609741916,0.5508368530741445,2.0,0.6769813309769364,23.35588237260173,0.6234687768250867,0.7464467289634397,29.301325966754902,1
0.8513286555473982,0.786036177103516,2.9004180736140563,12.039267353671532,32346.041313202844,0.047668236903741855,0.767262724964125,-0.29072965035012566,0.9782040807497908,0.2462004165016528,6.0,0.6903654629969869,56.20965804741542,0.8265654662089412,0.4969117633871066,3.092704654131902,0
0.7963340208482402,0.3993002281212786,3.5915921900231824,0.2822487508582523,191015.51271849786,0.029029819207741482,0.791469446076412,0.17715600475403254,0.9867692356357709,0.0772822760139607,2.0,0.7254998064725436,44.32005515794288,0.8803893091419509,0.5758819777857607,2.8711853938431644,1
0.7200570324449593,0.66695722398668,5.584598427849748,2.2146336053945856,20739.166171308163,0.31111540702832563,0.886689864678432,-0.15638165854055883,0.9622084532913987,0.40889171640347466,5.0,0.48930558280556274,14.736901666368704,0.8559075535693215,0.7568123363830921,14.913580555033898,1
0.6214211417629312,0.9723106507521171,2.448016338932204,0.37926902320728784,7624.520780536607,0.18262884292666434,0.41747536120938983,-0.5153131768522545,0.9958506569629147,0.23458246742958289,3.0,0.6901602569553781,43.45241776403268,0.4186199922918077,0.45255392710089626,23.399574801001215,0
0.9796232653202306,0.4613883678756335,1.4471358855888488,0.12645370405448378,40320.514757714176,0.12461607028527046,0.593441340393234,0.033938350788650026,0.8875374154052114,0.3431955576035399,2.0,0.8682832724308298,37.742963404789904,0.6452852993994629,0.7481655582914478,42.28272568347557,1
0.8287002640384762,0.581724737531582,0.9088117867280439,3.1183624180425142,61349.19165661139,0.03490627816654574,0.8667439059531327,0.7145270295272187,0.6544707055455833,0.3327686265181953,4.0,0.8388124839572373,65.00735858063918,0.9486169749612297,0.8167633953003649,40.40352961812166,1
0.964118316430017,0.7248814533658748,2.1498709816078816,2.9358492354316583,60020.31647041365,0.11339566392073665,0.6400197587578877,-0.48343056313839305,0.7956096666471469,0.3393882724127583,4.0,0.9512223876008373,31.097273488686767,0.7950250194537988,0.6920992070909958,3.038515134237389,0
0.5634071622556887,0.6592672439971866,6.770229396484067,0.7751910803156312,47764.54981530349,0.15968143400183632,0.9589516240336156,0.14775690015767975,0.734367763992772,0.7296852621327398,3.0,0.41018555626266895,16.74737792366118,0.8160453748544274,0.5425779036388897,60.0,1
0.46418193769673494,0.935463541251047,7.067401053505767,1.8179880213202164,92548.1664699111,0.05172662984999002,0.7155380728020206,0.4190308253056898,0.8096920020901461,0.7425851056027202,3.0,0.7149787120158824,24.139479904687985,0.6846454513678111,0.8981899477417026,3.0698660601941086,1
0.6735703649571068,0.8446269019801746,5.496643526429264,1.2215015283858361,47877.36307051076,0.04214620691459782,0.9795011906591634,1.0,0.6503073918639332,0.8170273416567921,5.0,0.8350139558622454,119.58278747723072,0.8207615648546652,0.6651045372303133,32.999774445844565,0
0.793403345251237,0.7698682840989942,1.3330494615149402,2.875536285483656,116102.44589730182,0.10351636124004159,0.6346624789348377,-0.09717319297867513,0.94685794961778,0.3911994044735704,6.0,0.5518156352665695,28.535478811855054,0.9068432923598281,0.8009045248995357,15.915165647288712,0
0.7951934228264229,0.3687462739161323,4.434706430724685,0.567627226638968,79835.19984572567,0.0726514559107623,0.9002240118983899,-0.15280024184172517,0.8771028584910509,0.09063991706099264,4.0,0.6380194086432449,68.25915164640972,0.9550590727475496,0.8252567392541984,20.413688417736676,1
0.6244677750949894,0.7112583497261287,4.227876109968583,1.112474139269655,61467.76848605377,0.04071770971387475,0.6814186495391505,-0.3666768783757066,0.7621330511701992,0.4622507578844304,5.0,0.8649246511696302,12.688961642801878,0.9346053001485912,0.6015471264189389,16.67285640810631,1
0.8659375322309192,0.8342279457029107,3.3108226721300986,0.9964675360925779,29571.354191229686,0.5244106388959094,0.7698148499129556,0.5562065339384877,0.8836153477813803,0.7168330145209576,3.0,0.629886810356512,43.69200077845767,0.841216349293414,0.8454404262519739,36.680003766134256,1
0.6237325852020372,0.7155654385633339,3.9923050019164648,0.6552150090543474,33250.24071118786,0.40474956495301834,0.822934637631873,-0.2469657316956301,0.9778522659881621,0.5397501695708237,3.0,0.8357272615549122,11.320880114359191,0.9073434343367236,0.5302826846594699,18.245188411529007,1
0.5400628802493327,0.5710407366544537,3.384308879028172,3.3308865602768005,39762.05700380429,0.13315151898311126,0.8097719182957608,-0.04823857271014004,0.947816876051719,0.4648057452890305,4.0,0.49094018928571354,34.78315457837292,0.8274360764263896,0.7215865574424633,33.98852824195143,1
0.552010547531129,0.711048000573034,4.167294580070368,0.2720632710429076,27168.74269139033,0.11280631707707,0.8849134849326169,-0.6395751509485021,0.9797937777509701,0.7053775822420153,4.0,0.35997219399290614,19.72133081993222,0.5574803658068722,0.7890143388952641,3.018077586855099,0
0.7287415505259812,0.7210320599704997,6.2852147788089,0.24291153804662774,42064.99248805364,0.1696369675789756,0.7544782040941018,0.45358873707141045,0.9352689837932155,0.6696490979947272,3.0,0.6359842273732836,17.33718510742195,0.8286885055287744,0.8183079279541674,36.27366383326667,1
0.6928458849836525,0.5294196236276489,0.5805807219786464,1.29025388747458,18166.6763900897,0.799259777736523,0.7722594124881024,0.5633033123112104,0.9538892578633977,0.6854337936273655,5.0,0.3952892281799352,15.957134267424475,0.35155833358064187,0.8006831942311663,60.0,0
0.856013911503651,0.8456398726568405,6.923992445453134,1.607200161993703,15111.351625719462,0.3506490745397239,0.8173339818798693,0.4383100254337461,0.8968588401849855,0.4112484323869968,4.0,0.5173319456059532,28.51177965285464,0.5383955229969893,0.6941853014124767,19.498522692074737,0
0.481373540778043,0.5561314596701195,0.7302537408671039,0.32466020608070034,36227.13127362548,0.14757322964606073,0.7165511977076688,-0.5421301125414872,0.9646727585824836,0.6772052203396508,2.0,0.6413172716459982,8.755201845115966,0.697906690971405,0.7440703471213445,60.0,0
0.6090233244812274,0.7116201586572609,0.3447572103528152,0.743209723271705,16367.330799449848,0.769509882013025,0.8021362270014983,0.3428604163117226,0.7781333299003345,0.19052480722205373,5.0,0.7454422797174023,12.091861174350377,0.9153780079971697,0.8426496381580597,4.469617096362337,1
0.7149252566676424,0.5592267803459261,18.665136160770604,4.393901496550397,19919.61768210274,0.228858682921511,0.901018218367291,-0.5690681538896004,0.8954418322805979,0.6365464715009886,5.0,0.4602118334711127,35.358551760414514,0.7631730333709711,0.7330479890892845,31.81947784495115,0
0.863393327834685,0.9043185174223048,15.731818799948572,0.4247731641158883,28721.657668093558,0.08135156218737506,0.8827668524859044,0.12321612082569616,0.8121513570449582,0.3935762648747895,3.0,0.517732142186193,9.747555161374537,0.701756270223814,0.6036214615692932,3.3332764333711804,1
0.8120930702048361,0.5552393484674638,0.3116996055041094,1.6555610292651697,24173.636183363567,0.10694097218453588,0.574738860786473,0.1820310319935189,0.7104233627382972,0.3219508993739909,3.0,0.570263918097398,11.414240395317526,0.793974496020021,0.6706645054180417,13.059938190823836,1
0.9029418033095848,0.497784678224708,2.928225771143809,2.0214726063779143,17791.17374182018,0.4538751308194191,0.575956660633989,0.22407328724330602,0.8805508801708415,0.2698569525581749,2.0,0.46581502275481435,115.66103037591657,0.9172407208322713,0.7187060708724511,19.633468782888734,1
0.5635425306440042,0.6262873895257598,1.0304793263168646,0.8916606166410127,148361.3954378927,0.13516753266191478,0.5878602031705839,0.31385461305498735,0.8187664127498119,0.12754079966487084,2.0,0.7803699156163769,99.47068939765332,0.6135880654512117,0.5566313737418377,19.432463185763055,0
0.9013787006724407,0.5664151797922046,3.3212915292168503,4.159506895285457,59561.14187835966,0.2892753264767144,0.9531603300170229,0.09678655857629115,0.5526106013314624,0.22978291039920923,6.0,0.3441096055686245,18.490605499089412,0.8223036610871822,0.7037244273978834,20.00294907072362,1
0.7259927953882912,0.9067501457354192,8.864999958516936,2.001445362811987,116812.80725420151,0.09905713454528649,0.9214290588810816,-0.6849718050914211,0.677361017340544,0.5991834151176433,3.0,0.7999634764040866,41.69393002293504,0.8258599895951086,0.5242381339066058,6.966418480563888,1
0.7127236895703604,0.5789930873642896,15.040216191592963,0.9185252035125158,63643.79116092947,0.06648111894894439,0.6525250689728379,0.3140484035198129,0.892747706399139,0.7488223995591388,6.0,0.5657243471688245,18.6005559608791,0.7660493580104397,0.8094594260477305,60.0,1
0.558330124790901,0.953021245280425,5.029062469656442,1.2636378327097397,12848.020833792469,0.6355837688781467,0.696885797869008,0.13904325645109916,0.8030542494445502,0.25743808109807553,5.0,0.765028063272071,19.159223533579713,0.5948580006781212,0.613576775828969,1.0,0
0.9424255126952327,0.6702354565605352,2.184048799361963,1.769473772267346,21960.91642090084,0.3992694018322002,0.8180686553188788,-0.26104791654849335,0.9826310978824049,0.1335159547039516,4.0,0.7939791959413318,5.0,0.7993720764462385,0.8334929210769673,17.46386965424354,1
0.5899372156934098,0.8334469743157716,4.623196996639145,1.3454315126289347,18053.507432690705,0.19626665462781095,0.7565392032968788,-0.5277589684546437,0.8657913872969307,0.5251131463853204,6.0,0.8655771936883312,96.5558739797345,0.4913314833640698,0.6382439145247429,36.193223089917026,1
0.6646836545588874,0.5963369057273623,1.869841697320203,3.164202816355364,46855.40778971136,0.18687818523019198,0.8010455079695946,0.7160088743697435,0.6958922474925963,0.40056964437829556,5.0,0.8794584611225903,48.822786669183614,0.8048965375693492,0.3800633112165642,39.91403728477544,1
0.645897413813446,0.8973647510856426,12.029939898739402,0.6621561243062357,7004.166673572115,0.23969999982101065,0.7607848624621032,0.5925202153162731,0.9759554671931522,0.119661071038068,3.0,0.7660020822523219,55.68380878990976,0.8575945124351526,0.42642379005907466,22.926591385979076,1
0.7785039213144704,0.7856230293527416,10.216530342089275,0.5347675931510188,27957.714926348424,0.037579920272365855,0.7327310415068902,0.3823829629229819,0.8160197991527279,0.30110249478882106,3.0,0.5545952184626072,48.069267394278896,0.7135665285148338,0.7663735056315036,15.394038047050728,0
0.5203187320189451,0.5791068113260163,4.084849281544591,0.3608902985409168,27842.943199279616,0.20533155813831233,0.6169445024374579,-0.17051996449388127,0.9867717090757735,0.7672703872670367,4.0,0.5460498064748754,28.806520238584937,0.8532426373742954,0.9224974901366526,11.002737511409196,0
0.8949544265517791,0.9392291867872722,1.9637236466686523,0.0577728732584038,12385.05951547976,0.5514569796895673,0.8281300627031013,-0.9067982208846072,0.9221587825278514,0.23936012052669964,2.0,0.7480142598956109,23.570886023582787,0.8513507277742216,0.49432123748768847,10.745232812851944,1
0.6935960037699553,0.6194388581031283,1.7363796638065812,0.06594971919650028,8415.550121687465,0.16310021845323508,0.8177250366714872,0.4058716701740941,0.6728983083510541,0.5730265906880407,1.0,0.6766684653453428,32.32320019336587,0.7171436866804815,0.7185240641802806,9.964037799659023,1
0.952220672224975,0.6601170365435675,0.16994568120234613,3.0609682215866663,33055.56618972753,0.10836068094178225,0.6093768992532337,0.24667470954203002,0.9532232248303478,0.2607740131694533,4.0,0.743370859363542,92.38629881108501,0.8203093897266135,0.9207734800951457,21.665070471319158,1
0.7193235947990716,0.7968482210536053,8.459231796584481,1.701638146466243,88142.4416365987,0.07430822161151579,0.6802027342349376,-0.049864923628870655,0.88134878715497,0.5638158411145218,7.0,0.7943633553818288,33.65446224097151,0.7681341415215195,0.7819672301006069,23.64874322348068,1
0.8087405140032512,0.6121369004156112,2.9926699728970334,1.6205652247089368,24656.11926468229,0.8253497495346677,0.8077605190101631,0.5499225226791505,0.8338537192103455,0.7310471655584941,5.0,0.7493714581647936,128.86526725825323,0.6104614520304499,0.4432548178355204,13.01609710092555,0
0.5706843868306835,0.38039559662909184,1.9661976923320512,1.4303769476334862,13536.262424821318,0.20531259758684206,0.4941313131988332,0.43919901358514,0.8120288644925157,0.45958545696778885,2.0,0.6977352850683467,19.22378851013072,0.6503657244093203,0.6019440474915283,24.303612701971662,0
0.8887438484840613,0.9512033873511112,3.1848773973390854,2.837891678508882,132619.44884953095,0.13127679667719033,0.7904156806030447,0.17043819529233978,0.859253673105533,0.10391811763230277,5.0,0.60322460339781,11.66950857045149,0.6226225555634685,0.9722298647418974,13.531340282689435,1
0.9511841079867902,0.5598724949936699,8.5390586394094,0.9816598766812479,21882.058628679697,0.07943416295344875,0.7709414127474743,0.11402336714844552,0.9229120282989668,0.6343449242146456,4.0,0.5495163918669095,17.368186730833266,0.5614464693220967,0.7851833246305542,1.8436011176299136,1
0.18186936403403572,0.46599243131676094,0.6654529215883148,3.0650790783680333,107537.683986374,0.05259888358825439,0.8249123273936453,0.12038708703987251,0.9023004330750505,0.45582815656340336,3.0,0.7359691003349302,29.608368794330595,0.8838492574231139,0.47591384491773453,34.34301899332488,0
0.7547862014570338,0.8174878728264835,9.747542665868416,0.6681304976888485,24737.82499057562,0.1602172335102596,0.9192531547176661,0.3719759491338984,0.9532618386037974,0.8468124306808353,6.0,0.4461568237340507,87.54503625293081,0.3486489141745774,0.8298853170579633,36.790622279642,1
0.6872466942379217,0.7264607251004928,11.389893401489209,3.9199455806443515,92593.08661249986,0.18685372712837375,0.8396060302355569,-0.2429905386171953,0.8785579216620979,0.15422008229885995,3.0,0.7264992263483445,23.587273012389012,0.6644311144558621,0.8922815230895045,5.577746569965271,0
0.5337344870497567,0.7052062817307333,14.659837292676123,1.799259093039955,9256.971835800376,0.7682471495896562,0.8817293994952228,0.27039324871401466,0.9474273241852311,0.35833682901158315,4.0,0.22013389435757366,11.93357125073516,0.5705349909853874,0.6920992125177402,27.7885191507309,0
0.6746317794527875,0.7640971688466464,2.5332384211345955,0.44594650377134415,83743.65612441013,0.05648140856152766,0.7808872425465676,-0.26823637778783627,0.9771427947799468,1.0584416802117442,4.0,0.4697355316265491,33.41908543403496,0.983143331899253,0.8904493662841986,12.883365744006975,1
0.6707619444091464,0.8914619256913529,1.2240095728588865,1.2454617436789759,14265.15664860123,0.6040474649340513,0.731890944479812,0.6346220687008937,0.7663640770709568,0.22846615496352807,4.0,0.8743746637396276,77.88699685419672,0.9140043958349049,0.8594429749693007,2.3835638891778945,1
0.6401903199767296,0.8062543950703975,2.339156500045399,1.142237198420515,39523.45190473757,0.06017621700105883,0.6686716892675127,0.31285142863009385,0.9394246084888619,0.13584385850345573,5.0,0.718500138339454,33.01236581624767,0.7769424821153861,0.7275481854480689,9.134922008259897,1
0.8576251600517099,0.4042298109504714,2.0241672599600227,0.22257395853537285,11308.375681851534,0.7952436704063508,0.7168410415744172,-0.17529130465557183,0.6205882408850013,0.5010766658971344,1.0,0.4819936338853945,38.13786096954679,0.5224988062795942,0.941437569505151,1.4335333788935734,0
0.715686256237975,0.34830321983529233,0.9688577676878353,1.34195130143923,10247.855912305598,0.678352743255311,0.6182900233304683,0.13223832961189996,0.8906252692912944,0.5150829181635742,3.0,0.6446738974826967,32.494468914221116,0.7779742375341735,0.8472908001585693,27.79134969141558,1
0.9235309614882906,0.8727248613745506,4.673122236542987,0.5670352974054635,45550.96048669177,0.027090942513701807,0.7163052629206211,-0.24151455201121633,0.7307851582523175,0.25251605483995754,4.0,0.6928045209496435,28.57710941630161,0.8457542625135582,0.6846300596858784,3.932035713980529,1
0.6764264648166665,0.993359797536034,3.237277253240918,0.08065311284471831,39380.71462186978,0.1435545969147674,0.478468380572962,0.7016451350803184,0.9760754128626551,0.6695650246851297,4.0,0.7885366666972843,177.70645945633945,0.7566860028497899,0.7444911504578959,3.2327200267881944,1
0.8064272580121031,0.8166893250664542,10.038432821705147,4.453815399280372,91532.4267436016,0.146944625251306,0.6876913606869978,0.7491503937884838,0.812826298151366,0.4291936405463465,5.0,0.8145719378035665,83.05821374445355,0.6958675985666648,0.6715059920613785,4.209713016959628,1
0.4979551382556065,0.6688321591742876,0.16318200545416794,1.5386996321528177,37795.547436944165,0.07423759335850091,0.8756399507731332,0.37848947302513924,0.9244807388137994,0.4926100372859383,4.0,0.7190173105825579,122.9450699801695,0.42548132108954323,0.8220979991532784,4.614348362857652,0
0.6544099744578722,0.7504466266659039,5.16226813458098,3.1423680753503147,119813.05643876558,0.16307925466138634,0.8610223596567981,0.7226626270618309,0.943494326581146,0.5326233686112406,5.0,0.43454788339597356,249.4614995401814,0.7613987531244384,0.8705072013131006,20.17280203983959,1
0.5167535268184519,0.7080396394760079,7.197397293122886,1.6907769496651914,43265.90816001338,0.08841870444330957,0.6887926435149833,0.16071837954900017,0.8444423521983608,0.5297179693743953,5.0,0.5309669876231109,81.49256378396666,0.6821745758432587,0.8746278577036906,18.31990713014863,0
0.7247463913797888,0.7632037634096844,7.124896728123755,0.6623777893801761,112007.02317163466,0.034510270128778,0.8777881025461255,0.40540502686991886,0.7243726036909961,0.6871401540736853,3.0,0.5267178607477221,23.819648647785005,0.7340946357450694,0.9210356783303788,2.4929974236343253,1
0.8073173130653032,0.7995550182912067,10.8610293767145,1.0782762785588123,136297.772154212,0.12289465229024935,0.927771020234397,0.5898898087639023,0.6945466628211842,0.6042262506580235,6.0,0.676416633948385,61.44044716552685,0.8790538748381916,0.8612726466803804,23.199738444397646,1
0.6706958191289425,0.7166844317894362,6.5288048907034515,1.6893456969244558,9188.721441109641,0.1549871943956154,0.5387813315130577,0.09770256179363321,0.7167813897852722,0.09594533677815138,1.0,0.3374956510203506,126.19658463115564,0.6774997056994794,0.8291984552561403,7.728000417141293,0
0.46153392002875,0.6627080646467055,13.142273003979595,4.837805902839572,84383.88601446933,0.12682639024554757,0.9160721552132576,0.12844154292693807,0.5707790487764732,0.28657143965439813,6.0,0.45124682613125894,48.1161849171344,0.7951699499132123,0.514919085301323,11.007304719238284,0
0.6630629646848052,0.8631649310442707,2.0222526135269088,0.4388800389359438,98529.43280521932,0.078097767392581,0.9415044644734005,0.47346264057155907,0.8285406791700172,0.5405816075370551,2.0,0.7640044708356567,26.008592257930452,0.5884615646995075,0.8904884591226246,2.4006844711790154,1
0.7418798904603264,0.6402207834695786,3.497933516782039,3.118887041268798,13972.73012176758,0.3322787955531196,0.6232450710738222,0.35859918623839726,0.8699222676630156,0.3022772903092658,2.0,0.5613750039950053,86.62640473008415,0.8894293329208833,0.7557148626724526,22.196660510986145,1
0.5210769519142807,0.6665211472637623,0.07089861024049894,3.867069325442547,52838.4995820725,0.24040455064053803,0.7985005274525367,-0.20218428808042113,0.8464235759483595,0.3312335674904733,7.0,0.41147758334279444,13.577580463671765,0.7267164795030924,0.8485240911568093,8.495297624399011,0
0.7266470582001399,0.8391268910116445,0.03490952085312116,1.6648838298430824,10184.441829153418,0.4104714658116234,0.5570536718233703,-0.7747317485085877,0.8049832978818474,0.6364747140473497,7.0,0.35747515546576614,36.56228987497459,0.9213834796069312,0.5724543596788768,18.00044254178022,0
0.4871057361943319,0.8790217848091557,1.3730173271966042,4.016280637195507,109590.01562519098,0.17172910326686103,0.6269597661817886,0.029788774961180695,0.6711063797594286,0.3162863376955709,4.0,0.5403764764651907,56.32829657857437,0.45978432731749713,0.9077980885625488,10.030594129232234,1
0.6603143292051965,0.866903627507175,0.5312890190527877,0.7609442581156515,28081.798211774636,0.3168067557828845,0.8610456525445902,-0.7387656716900717,0.7687061267358021,0.36744039537992645,4.0,0.3713569198246692,30.711080924463182,0.7418845459861012,0.6117033986970359,1.0,0
0.7341452900148602,0.8048009191968933,1.506953829651113,4.586927861378678,20235.593714290702,1.029392251425254,0.8434009721213243,-0.2964069344422193,0.9338807243537902,0.3892577747723065,3.0,0.69108228493505,51.30825716120565,0.6035282086971995,0.47832372288713604,21.882111662199552,1
0.6015590194292608,0.8238885908443171,0.9742584271705841,1.8199385309332978,39431.57956674678,0.21350981917756298,0.9483042375922411,-0.24971478288015372,0.8996115827128773,0.5178957214241587,4.0,0.8201958338456716,52.28745147660802,0.4242862328389028,0.9464768905356472,14.473745579190146,1
0.8234349468545951,0.6318173064337346,0.14467311332979887,0.06437028194933545,33585.62331736469,0.2484512861265237,0.6871540054899374,-0.12745692437605058,0.8879433427975173,0.9796733842513273,3.0,0.6968746837548999,49.01081818983974,0.8793500678476537,0.5579250935471015,10.252692338333068,1
0.28981031808826296,0.49528599420725433,12.001218192592443,3.5606839801102135,103773.78506540749,0.07103878528868827,0.7093262631925079,0.42817525766541664,0.8585025191085445,0.43653632600322556,6.0,0.9349512443402183,29.02232293755381,0.6889505213087447,0.37823888595167554,4.051537630447955,0
0.7344403277530195,0.3465218421600357,0.04128563916787402,0.9938478451992803,89248.07415715339,0.08337403108062168,0.9884263253425206,0.5150718162921042,0.6922711203540169,0.3507032018101265,5.0,0.710760080506703,24.977064819285378,0.8593056479528856,0.9168845929574759,17.62342844082543,1
0.6734403917011328,0.842468951376209,6.660586885229424,0.9251877752938675,44440.02887358044,0.11824834639417516,0.9339439056566965,0.30349628792288297,0.7254480598415534,0.20957046407953808,2.0,0.7996666831519099,30.545911829548846,0.6911264149677762,0.8102602332066066,5.793408019307234,1
0.8109175146992869,0.7571200686421355,0.8252452667553098,1.253679678349222,18583.765180967606,0.4807377763455539,0.9483270817590964,0.35300279042472216,0.8431691331870106,0.5121118277364254,3.0,0.5876435027830529,12.677322119529023,0.9828167659202353,0.7547318148371182,10.092084614259958,1
0.8162207361244725,0.6061866368372596,12.16515607836053,0.24269269332384774,42941.98944285607,0.01616081805956033,0.7693590631579434,0.3624481825474585,0.9595243404930547,0.2564028667083652,11.0,0.891201275340843,86.77540489081905,0.6611429936468967,0.5170373863795122,1.0465770949771933,1
0.7845431806946397,0.7928134019355718,11.165105770513645,0.9499590237155711,35317.039806345274,0.04181113627750789,0.6864554814597379,-0.8987319964883697,0.9267310482386734,0.2860217918362584,7.0,0.2673093144635905,48.36643393956439,0.8976275032690025,0.5257439983345628,26.99005345138309,0
0.8542012998722514,0.5435990766381953,5.3051542029748635,2.6679144137547595,31689.852173489173,0.07303019008681051,0.8191228008190171,0.10407907280284656,0.8477349547700314,0.7121279957046938,3.0,0.3527520395660826,37.263361803637494,0.9336258796856437,0.6093448680276762,1.6983257438087398,0
0.3892006027771212,0.8888276682275914,5.5772789843438995,0.023405346052926573,8133.282086517681,0.5445149980223668,0.9961143146954695,-0.6185834884680022,0.8587431278684484,0.34180845993583564,1.0,0.455504265074011,20.610749214454167,0.8215079510524641,0.8835677475125359,39.868865824611255,0
0.5769838101034663,0.21077005743528063,0.02676723062752661,0.47807229098384296,35975.7372329956,0.11603700085562259,0.7423781018616281,0.3036557902686162,0.9304509549690975,1.1003289573153343,7.0,0.4790575584069645,36.24198288959642,0.4447042048463924,0.9279384965758641,36.391247186707844,0
0.5989248265105069,0.6285405798152317,20.955896335110364,0.0036864058197986008,11177.918987779727,0.7331695803317648,0.5900646943104558,-0.7372432589278788,0.918456666670206,0.828071612980255,3.0,0.24824414621752997,35.73481271416024,0.9222104278450087,0.8710436941252782,60.0,0
0.9044193789881653,0.9651993778070326,10.511815364414181,0.8060401269735247,52429.92362813387,0.04180064667858227,0.836331727573402,0.027824585859720294,0.7489039502133756,0.26503217855213845,4.0,0.6612693101284219,24.413165686767478,0.8356641732495563,0.7529799831553493,43.03393843782276,1
0.7900807355379341,0.5374880889938101,11.274035572658502,1.954670776525198,31764.567838133877,0.15903801441422238,0.5900528017545669,0.3191079104078347,0.9780323835753582,0.7190867513326135,3.0,0.7064250932993897,69.06614843463443,0.7292129199311326,0.8492243134620683,60.0,1
0.4501991031326302,0.9634973558817113,5.382950882007854,2.4049737543252503,159886.12170853463,0.11686775197779889,0.8838908806925286,-0.3471031793265248,0.953911001763728,0.32767175474186894,3.0,0.4915314491950957,15.009192610980982,0.9665697219962209,0.7233570352780233,39.290671655858624,1
0.7638079781211786,0.4561263340756771,2.113973982406577,4.355817392599006,46617.47998856035,0.12084643690770219,0.8959490363532144,0.4846863842052881,0.803973817511185,0.15151932957280345,6.0,0.4483813463534469,17.50718035078338,0.6907236182165633,0.6076610409413409,2.1484161630373717,1
0.7455902985395682,0.5902830501694182,11.205035174646575,1.4066723196486184,10634.676319499926,0.3857726870572565,0.8302187881724732,0.30264886798069873,0.740442195830559,0.35791637896827944,2.0,0.4605157710273442,72.10225205006647,0.8089577586889595,0.854600741384203,10.362375169820439,1
0.6764232367587278,0.6330865375130583,1.723145565406814,0.44080550378369787,128595.5119377656,0.11036112405589094,0.4683417989295196,0.2523298783351639,0.7271735645398941,0.7155260488040172,5.0,0.9291072646600731,94.90590405225386,0.8378635829322569,0.6244430885461479,1.4258239991940147,1
0.448746271217766,0.8616603613588479,4.135811088804871,3.8684558027166176,31424.842397076034,0.12047286170417401,0.3751772776991377,0.37920063500421286,0.9574822590638832,0.2565931042411594,3.0,0.6955801894867919,40.25757170305416,0.8111541165807555,0.8427156362784123,14.186042535499883,1
0.5636966338093885,0.6707284040904896,0.5253082035374286,2.2395888194637164,10449.227473820714,0.06800942511760809,0.8342851952937976,-0.04368003510666227,0.8977484311875152,0.3324814359274016,6.0,0.973000887088614,16.59240556504452,0.9788079955006788,0.7919920620108226,13.581093408879049,1
0.9209776862172487,0.4330558808389993,12.752388847856498,1.2814834013155956,46086.56956182112,0.15421441260516952,0.8034800647198997,0.1607675455027235,0.7694575675695241,0.4030543032700657,3.0,0.6904047216789455,83.56262789116613,0.7245206070235765,0.7478300367453857,45.96004329962714,0
0.9657940743060659,0.9258407324563575,0.7585958620262025,1.784317164654758,52547.3326690015,0.07458720534870349,0.9457265251428518,0.10402062889367966,0.9803520191069156,0.5650122305181515,3.0,0.42176805183385396,38.400446650651276,0.7227225894898949,0.7922010129243849,60.0,1
0.6902876139541204,0.7916029708257682,1.2737955229836728,3.871789788265877,73485.15551918272,0.29790287302845764,0.857714511628386,0.09498042215354209,0.6011867533846548,0.1390125891941721,5.0,0.30810118875734677,36.09679741560924,0.8360534613481236,0.6160138558053693,5.4112354313766735,1
0.755693041197609,0.7818578125463932,4.083744840772428,1.8692458350657775,70271.24339881355,0.04651106207661768,0.9626054040499041,-0.16881243065883086,0.8879209400132895,0.6884766042412787,2.0,0.9027395250557998,97.64545572076932,0.7022971943807137,0.785132771523283,15.714406279595527,1
0.7482474028471096,0.74763503477815,7.221588101605377,0.6891879536545645,36337.7111668124,0.2079515832567315,0.8130194253975961,-0.39701284588908237,0.9832279776983897,0.24140892051837665,6.0,0.36769437231144236,59.40375160830066,0.6652307470635834,0.7408545760506624,11.240022459715929,1
0.6729147061486691,0.8779600145843695,4.829391960208938,1.872557000799878,35556.96018489438,0.6698135573287448,0.6037867463832612,-0.03474333971579008,0.8692228445085319,0.7892838430342628,5.0,0.5835743834507232,25.590238185163365,0.8613653808733193,0.7498939181775649,14.243016979658554,0
0.6411835379973808,0.27017070503079554,1.320699633315606,0.06166768403412752,59176.3125684322,0.101816615018193,0.7480741242260335,-0.056779162877706846,0.991787514733883,0.57543641600168,3.0,0.8975855687021069,11.030598021987236,0.890853840810722,0.6277823742336847,13.65671085077169,1
0.4908406535803623,0.7767086040534031,0.004717437359254797,0.7326560861607165,84229.02068644826,0.1114063597209823,0.5947346376219232,-0.19469239500675592,0.7932718351415731,0.7789416233860107,7.0,0.5094594578196804,26.548471092427867,0.5184337393851416,0.9406582967209265,44.187401677083386,1
0.88509228408135,0.9005588229237194,7.0765684988237,0.7821298983024161,135590.40199014533,0.034316022753146234,0.7728976575164428,0.4408215127240097,0.772743811208481,0.2695855042907099,5.0,0.7325872371764937,46.14086939950153,0.7081700474115096,0.8782829357846106,40.76234080476799,1
0.4429008989329187,0.6680759183421131,21.068116073774277,0.2737911889431322,13995.860797260897,0.39159695696490926,0.6418205262619046,-0.36888264714224517,0.9698508276604701,0.3226432077045016,3.0,0.34187407798644176,51.741272578244725,0.9415436218789686,0.5665552074714355,2.357065494527406,0
0.9548148011402324,0.5927323387092722,8.301370248934806,0.0350341854829186,15009.26667166866,0.8561289488689832,0.85239410506717,0.03139633644350344,0.9213497572922456,0.5232054395982407,4.0,0.6405301131890815,14.038269179415531,0.8242873209156107,0.8115831102729716,7.619188838750084,0
0.32835831379184766,0.7137215928506621,3.082844194299299,0.21473417731775052,37337.13449565918,0.6916308677309584,0.7995991554437116,0.5665358846245009,0.89929884089315,0.6726832471330729,6.0,0.6349173212798542,21.01951315686974,0.6778404335550179,0.6290714489263931,25.154221023026622,0
0.933259290050238,0.4317584724521915,11.704928305544698,1.594671524562588,38924.87491009149,0.2570972655650867,0.954924025020763,0.4636517410398209,0.8861216089288368,0.38387594592734764,2.0,0.5469493594557099,5.0,0.811033198215707,0.7227470500696602,20.7355007140642,1
0.6138089172048788,0.571151758629262,2.6368729712502597,2.4314219725254778,53846.908398314525,0.040537994472497334,0.5519623937677707,0.586517554038913,0.6588279177525584,0.7621911488358594,3.0,0.7827757455389528,42.20252159284875,0.7979105893322422,0.7964073744512947,17.954650837131645,0
0.3569924967547509,0.9482248970456261,3.721508572807055,6.659927677705053,21438.504578302545,0.09355883615240504,0.8762161996182285,-0.13631223094969083,0.750260212352903,0.19499916311546558,4.0,0.7243827406320342,9.97553732767823,0.6495402207987715,0.6516699154074137,60.0,0
0.8649260977248685,0.7522362648666774,3.242109834599156,0.637805845797063,42479.1966648711,0.19438919425268028,0.8628841141345277,0.4137152502910829,0.9815562063959432,0.34117225160097947,1.0,0.41860807778154613,24.02565661793781,0.6203295619622295,0.8297084351068305,7.395882134407163,1
0.7453819155555942,0.4879278711195295,2.967630373235937,1.3721099858220263,90062.66912054502,0.09668284983954505,0.6738822663270562,-0.32518815879125273,0.8966480467837147,0.49296965290153516,5.0,0.6420372175057397,17.666037725449588,0.7628959820260867,0.8225153088413438,13.034147669925222,1
0.7469803975150247,0.5257224486295198,7.462515499728831,4.150386396984363,27262.01901167825,0.1224137135766028,0.8568321450336935,-0.010349582326616119,0.9556081524090855,0.32265117031571594,6.0,0.5748741715314826,53.03972820172946,0.9278768853640442,0.6876407666180472,60.0,1
0.7686803321495876,0.8348334604650982,3.7408572083007496,0.2741576936131245,20893.778454046314,0.12265133040412471,0.7897883615952195,0.02729767568792278,0.8103383584443751,0.07465060278085006,5.0,0.5257045956201458,43.32463769104344,0.8585982099417808,0.9441409383650249,21.40660607961179,1
0.7072150080343073,0.9000582915507944,1.904231676769794,1.896888316679774,47493.34218010419,0.0580097351915223,0.5387681090012076,-0.13033608487920412,0.9286639182339185,0.24905864577718248,5.0,0.4032455882366468,19.814300667526627,0.9190230013032665,0.7644297834673873,18.829054164423194,0
0.5259777604908512,0.6762945674674186,1.4930961124881805,2.1096154030977154,85392.55194962976,0.19999480201422917,0.9529537196228456,-0.04472559523381009,0.8397029175615575,0.2733217544884944,3.0,0.3780352933390211,36.89114408134697,0.789372642310847,0.7154131255791386,3.0261522987663465,0
0.6619012816832729,0.7544775160333214,0.19239099265817272,0.1397782918990983,64722.50134841088,0.1484978410850079,0.8312795492486625,-0.09735037099894106,0.9627596692885494,0.40957322848041466,5.0,0.7858482346056294,53.135576783201216,0.6177564184448027,0.48863377617974607,5.0982212779138045,1
0.7109319867674494,0.8194451865493063,4.375685904220726,2.9626156428785486,33547.99881245962,0.19398060254978589,0.8999632293189531,-0.29295752444067824,0.9049442964402166,0.360840501340064,2.0,0.6848969472086475,40.959144537321606,0.6916832459024401,0.959566717654628,8.531434481623519,0
0.4187426110360233,0.9153353530594346,1.3065732776053915,2.5158128538354405,31318.41921488151,0.11743011475081114,0.8083589129356351,0.44256540240231657,0.9417453829381678,0.3956324042056703,7.0,0.24392375432753124,5.0,0.9417475498433521,0.7661740162816082,11.253650025670648,1
0.8061738207953588,0.744829126952747,0.8016297498649482,0.05096044506453634,97210.83402601056,0.1032777458012908,0.8441335053302296,0.0270199988502923,0.9231472771250806,0.23423812175368314,7.0,0.8100075902886964,166.6629108046926,0.9023786841698845,0.9220931164027019,12.37649702107854,1
0.6407046093618867,0.9705921988826015,5.304125953072564,0.1432545821573433,31893.32991200163,0.21278469827861657,0.6954696637329675,0.18057461756691434,0.9087890805847721,0.5406898775909,5.0,0.7110373269111298,48.25099870269752,0.803102871590828,0.6718879897258117,41.83539464642647,1
0.3140178457324737,0.8639120985690684,5.716101860392699,0.07556198610379891,15632.41846300808,0.5549643900102001,0.9616695185510314,0.16551074847714192,0.7613399848018781,0.1772542491541069,1.0,0.5228487060750283,72.70022133815223,0.5714690158778767,0.8661712703639243,2.041310021371464,0
0.7222856978168839,0.450447887314918,6.974756467472872,0.6113739693140321,87833.358832294,0.1007702990423884,0.5797983924732037,0.12189057004400858,0.8491084244198354,0.5879133081673649,3.0,0.4081983861575755,19.97014246048271,0.5861305137098021,0.630074020112454,5.138782346269617,0
0.6832053797968217,0.7947518331255333,3.5016334215322464,1.0678498502837495,80707.17616986149,0.0601762791710793,0.9718550013530598,0.13712181842257143,0.7557497745677791,0.9130583864519404,5.0,0.7095352383434018,17.223770039160904,0.8546885445190043,0.874692211287825,2.7910295050969762,1
0.5257692405486092,0.8713294828571705,11.224157305174632,1.1400454015232029,22900.475167630408,0.6359046957733189,0.6613547996168091,-0.022166888012408556,0.6924382758093127,0.7189663121575479,3.0,0.8581305191460209,22.847247708169704,0.5184859210838765,0.4921232474773866,23.92557643768071,0
0.5756910450177584,0.7634166107949779,13.771210548425588,0.4672794335960053,58691.75667511361,0.08970321593834936,0.5004044304495001,0.6673587474059451,0.9637145862270006,0.19104887424199057,2.0,0.6616888799385412,134.30347341163426,0.7438798869881428,0.5109630093346084,60.0,0
0.4526777054664767,0.6886520526209361,8.234944536320706,3.6387721350785167,46821.37022686286,0.15937617986523844,0.719980169538375,0.4042979046541436,0.8322472296408208,0.41066281504409413,6.0,0.7694761637876065,26.50898299595412,0.33510976939347936,0.7282937350200138,40.39103652948697,1
0.5890759193955165,0.32017874505216665,5.047426134206695,0.6889226670993565,10484.483310586182,0.6257034782443962,0.9194708660647326,0.10735281310840794,0.786751182387918,0.6566981395302961,6.0,0.40663463226704283,31.671913724717346,0.9451268634506559,0.8730379013357072,23.126835072124514,0
0.434583670033502,0.6676339882075221,1.8100238512494002,0.06993027606578171,53170.16950641169,0.1294901202125454,0.8679973237979334,-0.07882177438642532,0.9563880207201975,0.39475726994801785,6.0,0.3593100534601699,121.44072456675305,0.7918205033141495,0.9150926820418761,1.0,1
0.6366361790910616,0.6595941948721804,20.356536337076633,0.5354991624623113,56648.65212515655,0.059929992506616084,0.9268802665313638,0.052471662908367835,0.8704868825077131,0.8290775229357925,5.0,0.7424110950584503,25.72229291466639,0.8938367994704995,0.8199029326774829,7.672057648896667,1
0.5958747203605456,0.7560552263672048,1.6019641993209075,1.1360787721284544,77465.66132120883,0.13144336887269825,0.8433559286920773,0.2670486065486983,0.976463097305833,0.3828829051923815,5.0,0.6942607235512278,33.480961897093366,0.5887032322861108,0.6723458468282248,35.86132572709999,1
0.4567506345485544,0.6871978936554597,1.132351155352499,0.7869351219506939,14509.72079866257,0.44915496217294176,0.7840646012487863,0.6999760370145247,0.7228317068836472,0.6051793656722632,4.0,0.7373674998958453,13.092194151384103,0.7505259540690454,0.8326408062647971,19.055393649284312,1
0.9034122759574412,0.8315954784561848,2.9183627216494115,0.4799825577584095,43024.19482570502,0.21981556530494017,0.7413105336333325,-0.4492190178660178,0.8896299540080388,0.31528759710677934,2.0,0.41922454258417763,129.22185078332512,0.6113995012646563,0.831741007121236,4.233920475090717,1
0.5893493984834443,0.37497099147569213,0.2925997229306184,0.2111763029001381,19628.986740592365,0.18124971144208388,0.9240450522770445,0.36390990345671104,0.8939138723772447,0.5234017409512932,3.0,0.38465263174586034,19.463176801271665,0.4665224983508937,0.5810757186933632,11.308897684271198,0
0.9301417705768349,0.9669308539188451,19.197224599294543,2.565251251909095,49553.52228959987,0.22592023888575216,0.6893473484398707,0.5506894547114538,0.7394288091361466,0.31585646747502916,5.0,0.454537331649689,29.350660949542167,0.44551679202202843,0.8484854969307773,1.6564594500657799,1
0.6124085280649592,0.8479104094798048,4.438924025553051,8.337670622656816,37293.31138156532,0.1107927522212142,0.8885415947068347,-0.4946873879620928,0.9177807543157372,0.30110149652761015,2.0,0.8075600461334759,5.0,0.8504053758434614,0.9080652153163317,13.241527897016876,1
0.8628075432829241,0.940702277645234,4.070386847783398,0.5996916257949703,70848.60342709247,0.2640148304363729,0.8680112507684239,0.027539649307490102,0.897417579963681,0.6976846167608557,4.0,0.8993757742535671,29.38757900183575,0.8465296306977511,0.7353940788084662,41.63261076892361,1
0.8556657337944982,0.6526470954294097,5.332607936509008,0.7209807184916193,13258.443736343725,0.5010244636205994,0.8313238591483743,-0.3258071892332156,0.9054345541124126,0.043621102362294883,5.0,0.5196708327956981,31.373775131995544,0.913586621450463,0.9421955759256918,1.0,1
0.8928367996386734,0.8445906313931726,3.4360606173056887,1.4436493610089283,8752.617458008726,0.7431615840199378,0.6815841632163018,0.2722118446708137,0.9651661459809244,0.08788829800567606,5.0,0.6200761200862996,24.740008090964334,0.28732474346782483,0.8883976441273735,17.129464665952852,1
0.7968642778482421,0.7911618478792362,0.1629440534582136,1.9011224219803897,21832.98160468575,0.6465599865621463,0.7444936604786501,-0.0433403729422209,0.9570266836728646,0.12934507970233572,4.0,0.5550531469170338,9.805422860344777,0.719955530261771,0.7492371371536765,4.777242880963871,1
0.649427842559824,0.67452585517458,4.737762760960768,0.746443462763191,15023.919941613216,0.6018111934709524,0.756194903612396,0.04794437324794981,0.7509134258207417,0.8273476404265462,9.0,0.7894530260328778,48.5082279860841,0.8289227250856316,0.7557865897615506,60.0,0
0.8318058322259358,0.6040163037057613,6.296967355612115,3.5297051039487037,33005.758535975605,0.12203240607897586,0.49899384097780247,-0.06442232291138972,0.6053844179932025,0.20063374524549416,5.0,0.7042027189318057,8.756980222951565,0.9177078672591671,0.5944351087560391,1.211715860544798,0
0.8798611342774577,0.6296381082466804,2.6956887874652224,1.2314844278104355,55480.674701381606,0.1426468858807878,0.8930565511359426,0.3880653731073075,0.8942250575717134,1.1768111398783883,3.0,0.7476132414657074,10.384040197787192,0.8477131567277221,0.7231391504655535,17.28866467245312,1
0.6821060484486173,0.734355779443418,7.079554609813728,0.8978197233105603,28599.058174264283,0.032669086617460374,0.5422458721236911,0.19161318423925533,0.9051558979175265,0.1001470509592314,3.0,0.6760843578049314,27.603367901840738,0.6834646871053555,0.7439862099336589,5.331826881816591,1
0.69330029394193,0.6187461145453012,1.287389556498237,1.5605409099251424,41339.63231199217,0.12507030886059597,0.6724474308307725,0.19237070561586223,0.8742071970075914,0.07375820379785163,3.0,0.75733228509918,77.33097816096951,0.874352569882801,0.9091967419694638,38.53804740308808,1
0.5337327466350948,0.9776803983321808,1.2504967764741615,4.580164380625886,8124.1827147221475,0.6827441402548216,0.9477348016037411,0.16424873003258145,0.7681721853668761,0.2629263529058144,5.0,0.6108347754833958,32.023284791136966,0.7247006624664298,0.5523869612740363,2.3405172002744368,0
0.8800059695758908,0.8130673109206967,0.8802085082512099,2.373845627252142,9048.478059074167,0.6066994946588994,0.6692352594413613,0.3289963521808548,0.9607927619292506,0.3761206751243926,3.0,0.6279390078574151,40.79411758734791,0.6842642388288587,0.32581178512012077,10.094554285669124,0
0.3130328034180529,0.2695117662469396,2.326033841319888,0.061253508381824154,8317.260875215155,0.15922676742985764,0.9152629933138074,-0.004788741942529318,0.8983877879626478,0.5424272064900247,8.0,0.7705747938755123,20.697825522764226,0.6302225943536797,0.8444213320354089,3.6901957971247517,0
0.6861168598629954,0.6512237422292587,9.386980116787603,0.6058967269974052,61690.40343787734,0.11654415008470792,0.956322291378187,0.7803099150163707,0.9342449669502899,0.25324376282220873,6.0,0.6231877182966992,20.667449258546867,0.39073524516496094,0.8032052928139959,28.919886934857203,1
0.5383917980936481,0.723615703739155,8.79874833122851,0.9538597625167622,39610.368054158236,0.13964024043340797,0.39454506064734,-0.3939179004874078,0.7457918096393855,0.8352295596559691,2.0,0.5271969661840368,61.367131356169885,0.7429485882952808,0.8693233484113657,7.794112628666738,0
0.7597235281721053,0.6755205048327139,2.413006907487217,0.5664486216859176,17561.1213279594,0.18950509845291577,0.8468842317996355,-0.5903673792678595,0.6393027440714836,0.6790765401857208,2.0,0.7590832001893373,78.45928589260984,0.636424547433726,0.8174059312278275,3.7200863198925758,0
0.6516486491586991,0.7036254297592333,4.4472550077661985,1.806897303922309,17287.692963690934,0.2917992309731349,0.9147696637427324,-0.6234722274434293,0.760373841408054,0.310901925864535,3.0,0.7449513787184713,72.05753304225647,0.8026624576069166,0.8595398612265139,23.29679110227735,0
0.565999937550052,0.4694618666641385,6.379426749490056,2.625372023471695,90518.11183973841,0.10805055524728698,0.9194326531840974,-0.7318352477169744,0.8082810655466464,0.6297993878065464,5.0,0.6186797668657336,50.988099233429196,0.7849041270113181,0.7532685174045991,30.590232497008728,0
0.6656558934805786,0.799150743471638,1.3801298452117228,1.9714914070607383,34316.35804548921,0.15117653505959613,0.5692989624145267,0.36926792592810087,0.8807587224500829,0.32715971912731273,4.0,0.7670275764444023,41.6573195148639,0.498883010597804,0.48334550123810066,11.17137772401739,1
0.6600454813641573,0.784819389608988,0.9204621346650812,6.8109409575162445,61376.346728856064,0.0642902163925232,0.8461708671865854,0.32054707971305635,0.8985237910312938,0.25168761276241974,3.0,0.7353315301664474,12.128625392778792,0.8095923168379806,0.6982392672152136,8.571270924169038,1
0.8174665483987672,0.5862926018204664,17.89492494002064,0.47731016620051936,40867.73608020986,0.17309429134793825,0.8877479093369144,0.583110596710238,0.8285850221693967,0.6097056502109088,3.0,0.6338197775422986,22.25003772996137,0.9538220566940271,0.8726333098384358,18.001156404764938,1
0.7852566517021147,0.8206380053025989,4.805882376994842,3.1190362581095314,36328.82965666335,0.469548011582894,0.5432662778015324,-0.3226552858822088,0.9022426005540894,0.29609628825290674,0.0,0.6478011386159972,20.092874013713296,0.8617615436918823,0.7928554672920819,18.968766496486225,1
0.8983538922395301,0.69282343611438,19.92719657785471,2.182648008842661,95815.71447135574,0.1613669232954951,0.4452078419848575,0.3981845818982003,0.9522078463803593,0.5500502103693257,7.0,0.8123167894952847,34.81601059742088,0.5910304226190767,0.7112423521670349,19.458079347135737,1
0.6129233956117405,0.8530747044823564,2.0606059573154587,0.6745458287350612,36821.60668963433,0.20888883567232383,0.9746121897619269,0.12272962485972239,0.9511578409900853,0.3753060736642502,3.0,0.7124199702648392,57.10464442377539,0.888038418738397,0.7002153569144692,5.807325491118544,1
0.7364691290952529,0.4334925955070954,6.070649398977711,1.987090933621999,15505.580365286572,0.5370429808263455,0.6094982848902215,0.16663459966234367,0.9185472552662448,0.6868409118847931,2.0,0.615647531841029,26.15033128504958,0.7251262527022211,0.8582941301690065,51.03643816721662,0
0.7806168542082897,0.9572995594283659,1.2590246920003088,0.1648494635832668,116824.11433408226,0.1274813249502618,0.5799322693188295,0.35024915813984314,0.91751753583343,0.4937959987273146,6.0,0.49440783498575724,5.782107477633167,0.728291955052664,0.6477496214819344,4.321650104380838,1
0.5525044750103676,0.5054911910850199,1.5136413124212433,2.3362183212245817,55582.22240173772,0.17228608180209243,0.5479942743046795,-0.20251270042497746,0.9265619600810682,0.5887696467781028,2.0,0.7004663525819191,80.11859356706273,0.6991185531086324,0.7790051400188718,8.435839981189957,0
0.9326767353423414,0.6211391015052333,3.586196610359471,1.1399904727171442,15789.41877189514,0.6244323805818959,0.7371961913258568,1.0,0.8919885529698568,0.36581700544916457,3.0,0.6003517248142732,17.66925407469046,0.6313902777140319,0.7590204727225568,6.005659473285583,1
0.7417119125029301,0.5540273330535739,1.9255052915195434,0.5185816766379743,46785.27452915194,0.12006672514632415,0.7840780583024728,0.6327521217101415,0.8501819759121781,0.7583170146214718,8.0,0.7440718235410121,18.363203908606692,0.7235410065893055,0.8435477055492562,48.157926331828875,1
0.8550762031791971,0.5786331624542137,0.9173404521060663,1.599699678800201,11217.058674630503,0.7729668827916155,0.6958023678222016,-0.1126823815981442,0.9589089648778798,0.23979481805978903,4.0,0.33772575213875355,52.007815083733504,0.6030921136625338,0.8697628576607528,31.723472019275064,0
0.7362564950039121,0.7502769773331267,1.5250276506780738,1.5392420991339582,7802.185294105732,0.5448410468878196,0.4965555830541186,-0.3362952230893391,0.9090547244618283,0.6068796229306648,1.0,0.7113342922371523,23.078082798735515,0.9354460991496689,0.8729547126272812,30.014066189495047,1
0.2906717991537165,0.24519076250283484,0.18201508417577306,0.35260829087966966,47248.53732148754,0.14624731441802882,0.6886516733119691,0.0648383352781233,0.9667819216399733,0.10867455798570372,7.0,0.7168976203093104,33.67378340604274,0.6773890930775509,0.8877003363695943,1.0,0
0.8927517207841811,0.8744216611775963,6.094140016883758,0.04630349614260535,21396.122813535665,0.8433460904076977,0.8659529085711978,0.17290337743281692,0.826591252670921,0.5328274729865138,4.0,0.8206651781400736,41.805905579387726,0.8974843172009406,0.8459950077227825,20.844818369131765,1
0.6296724327311652,0.801696357442288,3.387517488538702,0.8527419231032153,131746.2934261961,0.14486977774370627,0.7526056875209493,0.5262461038833243,0.848131237058606,0.5391877754074508,3.0,0.6661175340630049,36.77671335730912,0.8382454496697214,0.49474323079488913,4.710964959723176,1
0.9152653641616829,0.5298823682852857,0.494921470743911,1.2642532898424315,118494.9101317592,0.2226089545397111,0.7887583744261407,-0.36748836462733037,0.8726872784087362,0.8979978344626749,6.0,0.7789862153440655,27.78473123133692,0.8207705701193335,0.8544832156618214,60.0,0
0.7282572157648322,0.5104881641731931,0.9418630967801651,3.1385504143557164,9452.770215863015,1.0072764858725556,0.8815346530199832,0.2141947772796665,0.9119948240397078,0.5931167199525147,6.0,0.4256011224271993,36.12398683411455,0.6412815607179386,0.3058988858579051,13.619206874310555,0
0.8822277140176128,0.7606420436771293,0.5409032096846931,3.9511571294408685,40290.334625836666,0.14902848949086867,0.7668096845014386,-0.5116060097659157,0.9427675792709933,0.17528771997851464,3.0,0.6397954948152142,168.57977767585984,0.7538747240416698,0.70710703729883,14.971081058324307,1
0.9782224017372505,0.8362185109857613,4.741394820513806,1.128725581339148,104572.85845055773,0.07694223949472041,0.7524507189027716,0.2745430373644475,0.8710709415917127,0.41661576567107517,6.0,0.6766436072672725,82.01152538206368,0.9511646910226481,0.8401621247614338,7.934518116915355,1
0.6463752174400718,0.6471380203744084,0.49474094658528733,2.1024378232326866,51128.774426538854,0.1744269900531815,0.7591486410370639,0.05699831181677975,0.7590161367912466,0.26476713085723247,6.0,0.7453773164807206,64.8640869731599,0.7718522739923281,0.7197280889160714,13.85003852638659,0
0.7125201309048123,0.6104343072378211,7.0178604871072086,0.8678626680258115,41784.927025911995,0.037172675432602886,0.743523896474748,0.8746719049143054,0.8433810247142959,0.2270383903016568,8.0,0.5715867469058659,46.35579774232678,0.709407870399029,0.8257197194180952,24.934385948261003,1
0.7667791713253647,0.36795702889850435,0.10362094755511543,2.0561167730393457,11719.770628198896,0.6385071230943553,0.8618630094971731,-0.5184010176878708,0.6514074033811708,0.37336500530465244,4.0,0.9234717514709199,108.20564104974336,0.7357805847997413,0.766407928649584,14.85637359536499,0
0.739690570399673,0.8935713702017357,1.434250679674038,0.3437453119824756,45429.18002512426,0.08468723041462037,0.571221545354594,0.6482433525960419,0.9579826535051794,0.023428282400494597,5.0,0.7446912638548914,65.17455525623171,0.9115033512908459,0.66832189677319,18.452977966178718,1
0.510451852556782,0.7362077612749135,11.066770218216533,0.6955904168921389,23765.458276740686,0.15851558594166695,0.6493412149445876,-0.5815325340664874,0.9697100057414179,0.9036172517676015,5.0,0.7209596838411033,87.84665341663381,0.6809575726347095,0.8620381534957188,11.511826195276655,0
0.7744226812939894,0.7886463829989471,6.338670460111696,1.508617630907122,54465.983594032885,0.04144224762608922,0.894067848757925,-0.4308841097626017,0.9369650445429061,0.49244359395104553,4.0,0.6144549485605808,90.0472534216981,0.9141725070726939,0.3990962874957196,22.68341035751618,1
0.7332320158428736,0.5209116928646226,0.37883776593017926,0.02748726701131743,7531.054742627332,0.3132980557533952,0.621789534486135,-0.5708378233888661,0.9256305652522255,0.17937762369618085,3.0,0.7333046863402691,56.766405606756926,0.5764005918201515,0.6615751493348138,41.36732925629498,1
0.7726175940911645,0.6020951066467572,8.605371078723687,1.9226923999680783,75039.87524298731,0.1833519798653753,0.5604251758759249,0.20014104338042166,0.9165832380536617,0.26564913292965653,5.0,0.5053113619262691,51.19807832670776,0.7804616294620476,0.9777204457873128,1.0,1
0.9103091697814619,0.9188235181573553,3.396567755226492,2.7075908178721066,24954.806629815484,0.0905695685826833,0.8713135942549751,-0.36947952430149344,0.8916952526732062,0.3862755060550609,4.0,0.8207325389482227,28.126666372850355,0.8213628255531736,0.9130341878895268,2.043014660709428,1
0.7062120307541093,0.8854403147668354,9.379501195485243,0.7640941218084252,95128.55797322193,0.21279244374494277,0.771402317217969,-0.43933260211221525,0.9229859233441317,0.22234719261377717,4.0,0.5436708125907302,136.82179940313216,0.7420859760697963,0.5914874255606214,20.828127761966513,1
0.580485289098263,0.5306765373065491,4.590709401593361,0.8911543821564234,44200.02672833339,0.1602415956691123,0.9385812132505639,0.18110704064935224,0.8897493246803594,0.24950380674446238,5.0,0.42112856304429974,33.80912640211546,0.735566876856379,0.6064892184489634,8.538121485285346,0
0.9872602825985453,0.6973258640562366,5.725894887477247,2.858557216085247,22562.13684120026,0.17709179647802384,0.7970073850442311,0.28071015434987623,0.899344792155327,0.4205812273821251,2.0,0.6810774597981677,16.07154964711994,0.8395321555105512,0.6265210261536239,5.9535796982773,1
0.3757164153313157,0.6437176935918093,25.18096595888973,2.241852911865532,56380.705316269035,0.14966639654737787,0.8716054225246611,0.11593972166013033,0.8237194958828418,0.7762482304099381,4.0,0.8548044647979643,45.29412011626556,0.48237035348567253,0.7195212346221767,3.5412642099750893,0
0.8618521078682181,0.7579505985051994,1.3220127503106829,0.5098310191824953,14542.233795672384,0.3979971151426428,0.7854257668190451,0.03511234039137884,0.9469473208216173,0.7047008951933299,5.0,0.9023010399856743,30.497033118326552,0.7810888205941855,0.5556791027581399,15.302156714971055,0
0.7277415280130466,0.614888194286132,4.890106990460945,0.5872902873609555,18776.91116313464,0.8014934915642641,0.5766583643244684,0.8315638529748713,0.7415752121666345,0.6048205139545286,5.0,0.7730668678066122,17.162345445319275,0.4267215979133402,0.8600694376409698,7.6858882097858165,0
0.8945418375164924,0.46898483846745365,3.0839074168941307,1.7039023341535064,12443.444297460546,0.3057558269641975,0.9341590610268129,0.15833450649678815,0.7931259745000013,0.17433162404868743,4.0,0.45934508918840633,17.877738120479915,0.7756184196014343,0.4768989533527767,12.765544990823567,1
0.8844001617369062,0.9400780534563752,0.2012563751970428,1.2424132311826792,20364.273097616708,0.45191185859691335,0.7519341409758152,0.4222765895688997,0.6783694201578677,0.268338287018013,2.0,0.8938033668852648,35.62057771029681,0.786521687193542,0.7189654546644991,57.303689757018915,1
0.5558662038646371,0.6946807474527034,0.0728818118715084,0.2655167508310093,17551.555478799924,0.6687000845057666,0.8481252407582422,0.1571688502759835,0.5768628931403587,0.556572060183735,11.0,0.6664118927502712,37.17840248611968,0.7574088454313002,0.8108560251365072,25.55863449644689,0
0.7980539734844694,0.9035677478561216,0.6347856969866164,0.5564431585837797,43136.72203918614,0.1635566845211296,0.7984562478556846,-0.3391505153018737,0.9140513352995114,0.23809574583894888,7.0,0.5612916582399439,12.77568904633303,0.8412015511499464,0.9003408089547331,28.609100590304976,0
0.6208150601552319,0.5302655145908947,5.236152293674042,3.4536268136432513,55825.85858527705,0.2510881742449141,0.9100430091577387,0.3199550727608067,0.9023816271296952,0.4876075256004977,5.0,0.8887876921968415,26.03417682864583,0.839514865703988,0.7717693806271219,2.3870723455330003,1
0.42223774225808186,0.8999349104050788,4.186971341899949,1.7479670093721529,11152.630123764904,0.2253734415482141,0.83658454055849,-0.16231892458791689,0.7666077682353836,0.06090849872282432,4.0,0.6049926755004822,66.8058140964658,0.453117115048337,0.8753036492717262,7.074241761541244,0
0.513195917959736,0.7681257470298541,4.030790666780094,6.4002977683243625,102019.9065845559,0.15627947190343733,0.9205273684698613,0.0636055447843055,0.8486164735494235,0.5154674628975916,5.0,0.5072888162106246,5.553101800787944,0.4508386399396537,0.8238465083509866,2.021632740481042,0
0.7718041344941963,0.6804534277927826,0.1618761502882596,2.1851559054059355,45912.24164924135,0.089073829568107,0.8112604167795926,0.2221610727573704,0.9706875194212958,0.9217217868749552,5.0,0.34832980768476374,27.939217377724002,0.7995288301684452,0.4031337383801245,60.0,0
0.8566453343312824,0.812201189663318,3.1678201760831186,4.270307310690072,140477.00304185267,0.11418777732806623,0.8340763585319176,-0.6765672267546573,0.8373538718095904,0.7619102514873184,4.0,0.22707086330723739,33.85491016384533,0.8235682983666531,0.8157367187737998,20.63329299012632,1
0.8027582411574596,0.6262329344502486,12.926253368371476,0.3653802231888262,50914.66227658455,0.08071287467886443,0.5429192896175636,-0.5438008495566916,0.963454657713816,0.7510534193731032,2.0,0.7029275648938608,52.61290536941699,0.4601034157771678,0.2447696524983119,1.0,0
0.5985381751204775,0.9163448903610876,2.5341005271362893,2.2142293162157793,17175.491200831737,0.5920980733254761,0.5662371961345257,0.46378366899902534,0.9906083835921183,0.5957223083389909,9.0,0.5902045480822521,28.614689513911124,0.6923400129664102,0.7444083014105597,11.615742798563879,0
0.5033589503118224,0.8120745736118636,4.903112635751033,0.030637036932937983,58688.20415812318,0.1794176071702351,0.7655130100563536,-0.1654985786395776,0.822128139834687,0.47167398565676266,5.0,0.6012262360277183,25.250562871063163,0.4817047623779956,0.7952215610939207,5.505855341548889,1
0.5401185184065775,0.636379632910225,7.566519351922548,1.6664525652331426,44982.45614726727,0.0241792927568852,0.5755957244073394,-0.14652879564354437,0.8646206688121473,0.9005993112331048,7.0,0.41665098569518794,50.79162928391992,0.8371189277946984,0.6938390726241216,13.975908115185236,0
0.8309288166304292,0.7230640038909719,7.6606550060962775,0.9502874944520296,14397.55660311305,0.5509222653580707,0.8876407117670592,0.1665753589483281,0.9219529547644746,0.25233805323690034,3.0,0.5719240404526522,31.95072745862976,0.8307318833555558,0.8098570924660187,3.54267556880168,1
0.9500979147983296,0.7552304453870964,3.662352351780975,0.6387161893065998,16816.25983406568,0.533548557147283,0.7572280985089482,-0.05426903884874776,0.8723675996582358,0.5874186013071838,4.0,0.6728075929392342,114.13815578448067,0.7872100921636612,0.8548621410101308,1.053643748334134,0
0.9073534441660798,0.7057120432088156,9.757949329849607,2.9751539760301777,18339.285922576753,0.3936172883110492,0.946226049278486,0.26703535265711587,0.7906464498253406,0.6673416278466391,5.0,0.45020819821732355,51.16975700460135,0.44540908338798124,0.8352934930706829,7.026232936550897,1
0.8674344317544331,0.9455379692993678,2.482790235184268,2.888975777349197,17559.124622310846,0.49587050436591096,0.7937380362137028,0.07955128450678237,0.9611378436436584,0.24900220118228628,4.0,0.8977943191711112,58.55431031172831,0.8836252204718701,0.7956740647509293,6.304986737256098,1
0.7412650203093344,0.9083679028714438,10.97732529629809,0.033831222385623146,30089.231995870305,0.17667498894518158,0.8452327843197911,0.17944118007217938,0.8800613985649581,0.38954699903172885,3.0,0.6894027998398022,34.910745643981656,0.758275189106744,0.806927203200923,22.71923484760901,1
0.9672576739209693,0.9392234363646362,1.3736789676712218,1.4105106411849464,41498.35445310438,0.06121939028262323,0.6086104690001635,-0.18074335609690104,0.7316322500891209,0.3892912756545355,4.0,0.48027251407549454,123.48812523116342,0.6711655214805041,0.5768757754720188,11.58296524936698,0
0.46205809363558953,0.7911950663421385,1.6440233870775511,0.6879006783285684,17135.915367685422,0.3959517784276749,0.8424785936444514,0.1774379293123711,0.9592813256812822,0.7170180985077014,4.0,0.4617350913503156,22.37726631802424,0.5111191302802323,0.958001199079402,6.198519697065206,0
0.7962325709865997,0.7152166431978676,0.2729178449354783,0.8059109815239804,26190.76187966901,0.007285678585878383,0.7906286120104918,0.5420356347341776,0.9058711007116367,0.3786887730268004,4.0,0.863042090319904,14.814615807850892,0.9711231991534515,0.7618876476988184,15.209491994699007,1
0.864543213852812,0.43587508828299204,7.937937811415056,2.67605073650323,19594.5384311956,0.03299228557154517,0.7603987784576258,-0.12709928644567944,0.8213557426888659,0.29810014540436885,4.0,0.9495078788348326,31.012034070615442,0.8926017154470498,0.5793918651447933,1.3317883842690592,1
